p_expressed	max_monomer_counts	max_mRNA_counts	cistron_idx	gene_name	cistron_name	protein_name
0.25	752	1	6	EG10007	EG10007_RNA	HISM-MONOMER
0.25	32	1	12	EG10015	EG10015_RNA	EG10015-MONOMER
0.75	553	1	14	EG10017	EG10017_RNA	OPPSYN-MONOMER
0.25	702	1	24	EG10028	EG10028_RNA	PFLACTENZ-MONOMER
0.75	8492	2	25	EG10029	EG10029_RNA	PD00230
0.25	177	1	28	EG10032	EG10032_RNA	ADENYL-KIN-MONOMER
0.5	27	1	31	EG10035	EG10035_RNA	LACTALDDEHYDROG-MONOMER
0.25	1524	1	32	EG10036	EG10036_RNA	ALDHDEHYDROG-MONOMER
0.25	58	1	34	EG10039	EG10039_RNA	AMP-NUCLEOSID-MONOMER
0.75	23	2	41	EG10046	EG10046_RNA	ANSB-MONOMER
0.75	1219	2	42	EG10047	EG10047_RNA	EG10047-MONOMER
0.25	18	1	44	EG10049	EG10049_RNA	APPA-MONOMER
0.5	20	1	50	EG10055	EG10055_RNA	RIBULPEPIM-MONOMER
0.5	368	2	51	EG10056	EG10056_RNA	ARAE-MONOMER
0.5	288	2	52	EG10057	EG10057_RNA	ARAF-MONOMER
0.5	271	2	53	EG10058	EG10058_RNA	ARAG-MONOMER
0.75	100	1	54	EG10059	EG10059_RNA	ARAH-MONOMER
0.75	1484	2	70	EG10075	EG10075_RNA	AROC-MONOMER
0.5	10	1	79	EG10084	EG10084_RNA	AROP-MONOMER
0.5	46	1	80	EG10085	EG10085_RNA	EG10085-MONOMER
0.5	12359	1	83	EG10088	EG10088_RNA	ASP-SEMIALDEHYDE-DEHYDROGENASE-MONOMER
0.75	1023	1	103	EG10108	EG10108_RNA	EG10108-MONOMER
0.75	3365	1	104	EG10109	EG10109_RNA	CHD-MONOMER
0.75	349	1	105	EG10110	EG10110_RNA	BADH-MONOMER
0.75	135	3	116	EG10121	EG10121_RNA	7KAPSYN-MONOMER
0.75	1545	2	118	EG10123	EG10123_RNA	BIOTINLIG-MONOMER
0.75	155	1	121	EG10126	EG10126_RNA	EG10126-MONOMER
0.75	122	1	134	EG10139	EG10139_RNA	CDPDIGLYSYN-MONOMER
0.75	106	1	135	EG10140	EG10140_RNA	CELA-MONOMER
0.75	112	1	136	EG10141	EG10141_RNA	CELB-MONOMER
0.75	1573	1	137	EG10142	EG10142_RNA	CELC-MONOMER
0.75	85	1	138	EG10143	EG10143_RNA	EG10143-MONOMER
0.25	36	1	139	EG10144	EG10144_RNA	EG10144-MONOMER
0.25	1155	1	155	EG10160	EG10160_RNA	CPDB-MONOMER
0.25	1498	1	156	EG10161	EG10161_RNA	MANNPGUANYLTRANGDP-MONOMER
0.25	10	1	166	EG10172	EG10172_RNA	CYTOCHROME-B561-MONOMER
0.25	13	1	167	EG10173	EG10173_RNA	CYDA-MONOMER
0.5	4181	1	181	EG10187	EG10187_RNA	SERINE-O-ACETTRAN-MONOMER
0.25	1943	1	211	EG10218	EG10218_RNA	EG10218-MONOMER
0.25	300	1	213	EG10220	EG10220_RNA	PPENTOMUT-MONOMER
0.25	155	1	220	EG10227	EG10227_RNA	EG10227-MONOMER
0.25	59	1	224	EG10231	EG10231_RNA	DLACTDEHYDROGFAD-MONOMER
0.25	14	1	225	EG10232	EG10232_RNA	DMSA-MONOMER
0.25	17	1	226	EG10233	EG10233_RNA	DMSB-MONOMER
0.75	395	2	229	EG10236	EG10236_RNA	EG10236-MONOMER
0.25	14	1	231	EG10238	EG10238_RNA	EG10238-MONOMER
0.75	544	2	236	EG10243	EG10243_RNA	EG10243-MONOMER
0.25	1180	1	241	EG10248	EG10248_RNA	DPPA-MONOMER
0.25	461	1	242	EG10249	EG10249_RNA	DSERDEAM-MONOMER
0.25	152	1	244	EG10251	EG10251_RNA	DUTP-PYROP-MONOMER
0.25	72	1	245	EG10252	EG10252_RNA	EG10252-MONOMER
0.75	443	1	247	EG10254	EG10254_RNA	PD03254
0.75	59	2	249	EG10256	EG10256_RNA	KDPGALDOL-4OH2OXOGLUTARALDOL-MONOMER
0.75	818	1	260	EG10267	EG10267_RNA	ACRF-MONOMER
0.5	14951	1	270	EG10277	EG10277_RNA	FABH-MONOMER
0.5	406	1	271	EG10278	EG10278_RNA	FADA-MONOMER
0.25	142	1	277	EG10284	EG10284_RNA	EG10284-MONOMER
0.25	2595	1	293	EG10300	EG10300_RNA	EG10300-MONOMER
0.25	316	1	301	EG10308	EG10308_RNA	EG10308-MONOMER
0.75	639	2	302	EG10309	EG10309_RNA	EG10309-MONOMER
0.75	43	1	303	EG10310	EG10310_RNA	EG10310-MONOMER
0.75	144	1	305	EG10312	EG10312_RNA	EG10312-MONOMER
0.75	226	1	307	EG10314	EG10314_RNA	EG10314-MONOMER
0.5	3	1	321	EG10328	EG10328_RNA	FOLD-MONOMER
0.5	6777	1	322	EG10329	EG10329_RNA	EG10329-MONOMER
0.5	64	1	323	EG10330	EG10330_RNA	FUM-FLAVO
0.5	119	1	324	EG10331	EG10331_RNA	FUM-FE-S
0.5	88	1	325	EG10332	EG10332_RNA	FUM-MEMB1
0.75	213	1	328	EG10335	EG10335_RNA	EG10335-MONOMER
0.75	122	1	329	EG10336	EG10336_RNA	FRUA-MONOMER
0.75	349	3	331	EG10338	EG10338_RNA	PD00521
0.75	221	4	334	EG10341	EG10341_RNA	EG10341-MONOMER
0.25	131	1	341	EG10348	EG10348_RNA	FUCPALDOL-MONOMER
0.25	132	1	342	EG10349	EG10349_RNA	FUCISOM-MONOMER
0.25	5	1	344	EG10351	EG10351_RNA	LACTALDREDUCT-MONOMER
0.75	23558	2	347	EG10355	EG10355_RNA	EG10355-MONOMER
0.5	412	2	349	EG10357	EG10357_RNA	FUMB-MONOMER
0.25	182	1	356	EG10364	EG10364_RNA	PD03028
0.25	404	1	364	EG10372	EG10372_RNA	GDHA-MONOMER
0.25	183	1	365	EG10373	EG10373_RNA	EG10373-MONOMER
0.75	5568	2	382	EG10390	EG10390_RNA	GLNS-MONOMER
0.75	516	2	383	EG10391	EG10391_RNA	ANGLYC3PDEHYDROGSUBUNITA-MONOMER
0.75	513	2	384	EG10392	EG10392_RNA	ANGLYC3PDEHYDROGSUBUNITB-MONOMER
0.75	416	2	416	EG10425	EG10425_RNA	7-ALPHA-HYDROXYSTEROID-DEH-MONOMER
0.75	125	1	421	EG10430	EG10430_RNA	UROGENIIISYN-MONOMER
0.75	310	2	422	EG10431	EG10431_RNA	PROTOHEME-FERROCHELAT-MONOMER
0.25	2556	1	432	EG10441	EG10441_RNA	PD00348
0.25	89	1	433	EG10442	EG10442_RNA	EG10442-MONOMER
0.25	94	1	464	EG10473	EG10473_RNA	EG10473-MONOMER
0.25	76	1	465	EG10474	EG10474_RNA	EG10474-MONOMER
0.25	79	1	466	EG10475	EG10475_RNA	HYCBSMALL-MONOMER
0.25	88	1	467	EG10476	EG10476_RNA	HYCC-MONOMER
0.25	80	1	468	EG10477	EG10477_RNA	HYCD-MONOMER
0.25	84	1	469	EG10478	EG10478_RNA	HYCELARGE-MONOMER
0.25	62	1	470	EG10479	EG10479_RNA	HYCF-MONOMER
0.25	43	1	471	EG10480	EG10480_RNA	HYCG-MONOMER
0.25	23	1	472	EG10481	EG10481_RNA	EG10481-MONOMER
0.25	53	1	474	EG10483	EG10483_RNA	EG10483-MONOMER
0.25	47	1	475	EG10484	EG10484_RNA	EG10484-MONOMER
0.25	32	1	476	EG10485	EG10485_RNA	EG10485-MONOMER
0.25	27	1	477	EG10486	EG10486_RNA	EG10486-MONOMER
0.25	350	1	490	EG10500	EG10500_RNA	ACETOLACTSYNIII-ICHAIN-MONOMER
0.25	65	1	498	EG10508	EG10508_RNA	FPPSYN-MONOMER
0.25	90	1	501	EG10511	EG10511_RNA	HYDROPEROXIDI-MONOMER
0.25	157	1	502	EG10512	EG10512_RNA	AKBLIG-MONOMER
0.25	97	1	503	EG10513	EG10513_RNA	EG10513-MONOMER
0.25	97	1	504	EG10514	EG10514_RNA	KDPB-MONOMER
0.75	1571	2	505	EG10515	EG10515_RNA	EG10515-MONOMER
0.75	159	2	506	EG10516	EG10516_RNA	KDPD-MONOMER
0.5	107	2	510	EG10520	EG10520_RNA	KDOTRANS-MONOMER
0.75	48	2	512	EG10522	EG10522_RNA	KGTP-MONOMER
0.75	40	2	517	EG10527	EG10527_RNA	BETAGALACTOSID-MONOMER
0.75	226	1	524	EG10534	EG10534_RNA	EG10534-MONOMER
0.25	1908	1	540	EG10550	EG10550_RNA	ASPKINIII-MONOMER
0.25	264	2	545	EG10555	EG10555_RNA	MALF-MONOMER
0.75	69	2	547	EG10557	EG10557_RNA	PD00361
0.75	3486	2	548	EG10558	EG10558_RNA	MALK-MONOMER
0.75	234	2	549	EG10559	EG10559_RNA	EG10559-MONOMER
0.75	1961	2	550	EG10560	EG10560_RNA	MALDEXPHOSPHORYL-MONOMER
0.25	178	1	552	EG10562	EG10562_RNA	PD00237
0.75	448	1	553	EG10563	EG10563_RNA	MALX-MONOMER
0.5	4332	1	554	EG10564	EG10564_RNA	EG10564-MONOMER
0.75	303	2	561	EG10571	EG10571_RNA	EG10571-MONOMER
0.25	98	1	562	EG10572	EG10572_RNA	EG10572-MONOMER
0.75	2095	1	566	EG10576	EG10576_RNA	MALATE-DEHASE-MONOMER
0.75	208	1	567	EG10577	EG10577_RNA	ALPHAGALACTOSID-MONOMER
0.75	2342	4	580	EG10590	EG10590_RNA	ASPKINIIHOMOSERDEHYDROGII-MONOMER
0.75	61	1	581	EG10591	EG10591_RNA	PD03938
0.75	212	1	582	EG10592	EG10592_RNA	MGLA-MONOMER
0.75	266	1	583	EG10593	EG10593_RNA	MGLB-MONOMER
0.25	109	1	601	EG10611	EG10611_RNA	EG10611-MONOMER
0.75	109	2	606	EG10616	EG10616_RNA	MANNPDEHYDROG-MONOMER
0.75	95	2	608	EG10618	EG10618_RNA	EG10618-MONOMER
0.5	48	1	613	EG10623	EG10623_RNA	NACGLCTRANS-MONOMER
0.75	114	1	615	EG10625	EG10625_RNA	EG10625-MONOMER
0.5	100	1	616	EG10626	EG10626_RNA	EG10626-MONOMER
0.75	5481	2	618	EG10628	EG10628_RNA	FLAVONADPREDUCT-MONOMER
0.75	1504	2	624	EG10634	EG10634_RNA	EG10634-MONOMER
0.25	893	1	627	EG10637	EG10637_RNA	ACNEULY-MONOMER
0.25	65	1	628	EG10638	EG10638_RNA	NARG-MONOMER
0.25	69	1	629	EG10639	EG10639_RNA	NARH-MONOMER
0.25	71	1	630	EG10640	EG10640_RNA	NARI-MONOMER
0.25	78	1	631	EG10641	EG10641_RNA	NARJ-MONOMER
0.25	372	1	633	EG10643	EG10643_RNA	NARL-MONOMER
0.25	10	1	634	EG10644	EG10644_RNA	NARV-MONOMER
0.25	16	1	636	EG10646	EG10646_RNA	NARX-MONOMER
0.25	31	1	637	EG10647	EG10647_RNA	NARY-MONOMER
0.75	955	2	650	EG10661	EG10661_RNA	NRDB-MONOMER
0.25	32	1	656	EG10667	EG10667_RNA	EG10667-MONOMER
0.5	1224	2	667	EG10678	EG10678_RNA	OPPF-MONOMER
0.75	352	2	671	EG10682	EG10682_RNA	PABASYN-COMPII-MONOMER
0.25	355	1	687	EG10699	EG10699_RNA	6PFK-1-MONOMER
0.75	180	1	699	EG10711	EG10711_RNA	EG10711-MONOMER
0.75	868	2	714	EG10727	EG10727_RNA	ALKAPHOSPHA-MONOMER
0.5	1784	1	715	EG10728	EG10728_RNA	PHOB-MONOMER
0.75	23	2	719	EG10732	EG10732_RNA	PHOQ-MONOMER
0.25	9	1	733	EG10746	EG10746_RNA	EG10746-MONOMER
0.25	20	1	749	EG10762	EG10762_RNA	EG10762-MONOMER
0.75	31	2	751	EG10764	EG10764_RNA	EG10764-MONOMER
0.5	4085	1	757	EG10770	EG10770_RNA	PROS-MONOMER
0.25	238	2	762	EG10775	EG10775_RNA	PSD-MONOMER
0.25	334	2	763	EG10776	EG10776_RNA	EG10776-MONOMER
0.25	291	2	764	EG10777	EG10777_RNA	EG10777-MONOMER
0.25	254	2	765	EG10778	EG10778_RNA	EG10778-MONOMER
0.75	400	2	771	EG10784	EG10784_RNA	PSTC-MONOMER
0.5	62	1	772	EG10785	EG10785_RNA	EG10785-MONOMER
0.5	169	1	787	EG10800	EG10800_RNA	PD00219
0.75	215	1	788	EG10801	EG10801_RNA	PUTA-MONOMER
0.75	119	1	800	EG10813	EG10813_RNA	EG10813-MONOMER
0.75	582	3	801	EG10814	EG10814_RNA	RBSA-MONOMER
0.5	434	2	804	EG10817	EG10817_RNA	EG10817-MONOMER
0.75	25	1	805	EG10818	EG10818_RNA	RIBOKIN-MONOMER
0.25	135	1	806	EG10819	EG10819_RNA	PD03867
0.25	2690	1	809	EG10822	EG10822_RNA	RCSC-MONOMER
0.5	22	1	810	EG10823	EG10823_RNA	EG10823-MONOMER
0.75	59	1	811	EG10824	EG10824_RNA	EG10824-MONOMER
0.5	22	1	812	EG10825	EG10825_RNA	EG10825-MONOMER
0.75	17	1	819	EG10832	EG10832_RNA	EG10832-MONOMER
0.5	2650	1	828	EG10841	EG10841_RNA	EG10841-MONOMER
0.5	26	1	829	EG10842	EG10842_RNA	PD00222
0.25	19	1	833	EG10846	EG10846_RNA	EG10846-MONOMER
0.25	8	1	834	EG10847	EG10847_RNA	EG10847-MONOMER
0.5	1	1	835	EG10848	EG10848_RNA	EG10848-MONOMER
0.25	130	1	882	EG10895	EG10895_RNA	RPOC-MONOMER
0.75	819	2	907	EG10920	EG10920_RNA	EG10920-MONOMER
0.75	199	2	911	EG10926	EG10926_RNA	EG10926-MONOMER
0.75	243	1	912	EG10927	EG10927_RNA	EG10927-MONOMER
0.75	85	3	929	EG10944	EG10944_RNA	PGLYCDEHYDROG-MONOMER
0.25	47	1	935	EG10950	EG10950_RNA	EG10950-MONOMER
0.75	193	1	941	EG10956	EG10956_RNA	EG10956-MONOMER
0.5	307	1	953	EG10968	EG10968_RNA	EG10968-MONOMER
0.5	243	1	954	EG10969	EG10969_RNA	GUTA-MONOMER
0.5	2167	1	955	EG10970	EG10970_RNA	GUTB-MONOMER
0.5	4205	1	956	EG10971	EG10971_RNA	SORB6PDEHYDROG-MONOMER
0.5	5541	1	957	EG10972	EG10972_RNA	PD00345
0.25	142	1	968	EG10983	EG10983_RNA	EG10983-MONOMER
0.25	309	1	974	EG10989	EG10989_RNA	PD00268
0.25	324	1	975	EG10990	EG10990_RNA	THREDEHYDCAT-MONOMER
0.25	296	1	977	EG10992	EG10992_RNA	PD03292
0.75	271	2	988	EG11003	EG11003_RNA	EG11003-MONOMER
0.25	168	1	989	EG11004	EG11004_RNA	EG11004-MONOMER
0.25	209	1	990	EG11005	EG11005_RNA	TRYPTOPHAN-MONOMER
0.25	527	1	1001	EG11016	EG11016_RNA	EG11016-MONOMER
0.75	345	2	1002	EG11017	EG11017_RNA	TREHALAPERI-MONOMER
0.5	9	1	1019	EG11034	EG11034_RNA	TSR-MONOMER
0.5	886	2	1022	EG11037	EG11037_RNA	EG11037-MONOMER
0.75	50	2	1024	EG11039	EG11039_RNA	CHORISMUTPREPHENDEHYDROG-MONOMER
0.5	122	1	1025	EG11040	EG11040_RNA	TYRB-MONOMER
0.75	1750	1	1026	EG11041	EG11041_RNA	TYRP-MONOMER
0.5	428	1	1030	EG11045	EG11045_RNA	URPHOS-MONOMER
0.5	117	1	1031	EG11046	EG11046_RNA	UGPA-MONOMER
0.5	60	1	1032	EG11047	EG11047_RNA	UGPB-MONOMER
0.5	142	1	1033	EG11048	EG11048_RNA	UGPC-MONOMER
0.5	85	1	1034	EG11049	EG11049_RNA	UGPE-MONOMER
0.5	85	2	1047	EG11062	EG11062_RNA	EG11062-MONOMER
0.25	41	1	1048	EG11063	EG11063_RNA	EG11063-MONOMER
0.5	430	1	1049	EG11064	EG11064_RNA	EG11064-MONOMER
0.25	272	2	1050	EG11065	EG11065_RNA	ALTRO-OXIDOREDUCT-MONOMER
0.5	235	1	1060	EG11075	EG11075_RNA	XYLULOKIN-MONOMER
0.5	298	1	1065	EG11081	EG11081_RNA	EG11081-MONOMER
0.75	326	2	1076	EG11093	EG11093_RNA	EG11093-MONOMER
0.25	153	1	1081	EG11098	EG11098_RNA	EG11098-MONOMER
0.25	149	1	1083	EG11100	EG11100_RNA	EG11100-MONOMER
0.75	225	1	1089	EG11108	EG11108_RNA	EG11108-MONOMER
0.25	70	1	1102	EG11123	EG11123_RNA	EG11123-MONOMER
0.25	171	1	1103	EG11124	EG11124_RNA	EG11124-MONOMER
0.25	182	1	1104	EG11125	EG11125_RNA	EG11125-MONOMER
0.75	335	1	1105	EG11126	EG11126_RNA	EG11126-MONOMER
0.25	41	1	1107	EG11128	EG11128_RNA	EG11128-MONOMER
0.25	1210	1	1114	EG11135	EG11135_RNA	NICOTINAMID-MONOMER
0.5	83	2	1118	EG11139	EG11139_RNA	EG11139-MONOMER
0.25	102	1	1120	EG11141	EG11141_RNA	EG11141-MONOMER
0.25	133	1	1124	EG11145	EG11145_RNA	EG11145-MONOMER
0.25	5152	1	1127	EG11149	EG11149_RNA	EG11149-MONOMER
0.75	587	2	1134	EG11156	EG11156_RNA	EG11156-MONOMER
0.5	145	1	1135	EG11157	EG11157_RNA	EG11157-MONOMER
0.25	623	1	1144	EG11167	EG11167_RNA	EG11167-MONOMER
0.25	12	1	1145	EG11168	EG11168_RNA	TTDA-MONOMER
0.25	3	1	1147	EG11171	EG11171_RNA	EG11171-MONOMER
0.5	288	1	1150	EG11174	EG11174_RNA	EG11174-MONOMER
0.25	224	1	1151	EG11175	EG11175_RNA	GKI-MONOMER
0.75	127	2	1159	EG11183	EG11183_RNA	EG11183-MONOMER
0.75	308	2	1162	EG11187	EG11187_RNA	EG11187-MONOMER
0.25	22	1	1179	EG11205	EG11205_RNA	UDPNACETYLMURAMATEDEHYDROG-MONOMER
0.25	291	2	1182	EG11208	EG11208_RNA	EG11208-MONOMER
0.75	157	2	1184	EG11210	EG11210_RNA	EG11210-MONOMER
0.75	724	2	1186	EG11212	EG11212_RNA	EG11212-MONOMER
0.25	37	1	1187	EG11214	EG11214_RNA	EG11214-MONOMER
0.5	41	1	1190	EG11218	EG11218_RNA	CREB-MONOMER
0.5	935	1	1192	EG11221	EG11221_RNA	GLU6PDEHYDROG-MONOMER
0.25	537	1	1197	EG11226	EG11226_RNA	2-ISOPROPYLMALATESYN-MONOMER
0.25	539	1	1198	EG11227	EG11227_RNA	FDNG-MONOMER
0.25	534	1	1199	EG11228	EG11228_RNA	FDNH-MONOMER
0.75	61	1	1200	EG11229	EG11229_RNA	FDNI-MONOMER
0.75	126	1	1206	EG11235	EG11235_RNA	EG11235-MONOMER
0.25	6	1	1207	EG11236	EG11236_RNA	EG11236-MONOMER
0.75	720	1	1209	EG11238	EG11238_RNA	EG11238-MONOMER
0.5	1528	1	1211	EG11241	EG11241_RNA	EG11241-MONOMER
0.25	225	1	1215	EG11246	EG11246_RNA	EG11246-MONOMER
0.5	93	2	1217	EG11249	EG11249_RNA	EG11249-MONOMER
0.75	97	2	1218	EG11250	EG11250_RNA	EG11250-MONOMER
0.5	88	1	1220	EG11252	EG11252_RNA	EG11252-MONOMER
0.5	59	1	1227	EG11259	EG11259_RNA	EG11259-MONOMER
0.75	63	1	1236	EG11269	EG11269_RNA	EG11269-MONOMER
0.25	49	1	1241	EG11275	EG11275_RNA	EG11275-MONOMER
0.25	174	1	1246	EG11281	EG11281_RNA	EG11281-MONOMER
0.5	206	1	1251	EG11287	EG11287_RNA	EG11287-MONOMER
0.25	30	1	1252	EG11288	EG11288_RNA	EG11288-MONOMER
0.5	1620	2	1254	EG11290	EG11290_RNA	EG11290-MONOMER
0.25	62	1	1255	EG11291	EG11291_RNA	EG11291-MONOMER
0.25	37	1	1263	EG11299	EG11299_RNA	EG11299-MONOMER
0.25	47	1	1264	EG11300	EG11300_RNA	EG11300-MONOMER
0.25	53	1	1265	EG11301	EG11301_RNA	EG11301-MONOMER
0.25	0	1	1272	EG11311	EG11311_RNA	EG11311-MONOMER
0.25	552	1	1273	EG11312	EG11312_RNA	EG11312-MONOMER
0.75	6595	1	1275	EG11314	EG11314_RNA	ASL-MONOMER
0.25	1458	1	1296	EG11335	EG11335_RNA	PD04413
0.25	6	1	1315	EG11356	EG11356_RNA	EG11356-MONOMER
0.25	4814	1	1322	EG11363	EG11363_RNA	NACMURLALAAMI2-MONOMER
0.75	190	2	1324	EG11366	EG11366_RNA	PD04418
0.25	3694	2	1328	EG11370	EG11370_RNA	4OHBENZOATE-OCTAPRENYLTRANSFER-MONOMER
0.25	154	2	1329	EG11371	EG11371_RNA	EG11371-MONOMER
0.5	43	1	1330	EG11372	EG11372_RNA	EG11372-MONOMER
0.75	969	3	1339	EG11381	EG11381_RNA	EG11381-MONOMER
0.5	2505	1	1356	EG11401	EG11401_RNA	EG11401-MONOMER
0.5	8	1	1373	EG11419	EG11419_RNA	BCR-MONOMER
0.75	1081	1	1381	EG11428	EG11428_RNA	UDHA-MONOMER
0.5	516	1	1388	EG11435	EG11435_RNA	PD00364
0.75	110	1	1396	EG11443	EG11443_RNA	RIB5PISOMA-MONOMER
0.75	255	1	1397	EG11444	EG11444_RNA	METHYLMALONYL-COA-MUT-MONOMER
0.75	47	2	1399	EG11447	EG11447_RNA	EG11447-MONOMER
0.25	30664	1	1400	EG11448	EG11448_RNA	ACS-MONOMER
0.5	238	1	1410	EG11458	EG11458_RNA	UDPMANACATRANS-MONOMER
0.25	188	1	1411	EG11459	EG11459_RNA	YIFK-MONOMER
0.25	835	1	1414	EG11463	EG11463_RNA	CORA-MONOMER
0.25	14	1	1415	EG11464	EG11464_RNA	EG11464-MONOMER
0.75	593	3	1418	EG11467	EG11467_RNA	EG11467-MONOMER
0.75	2925	2	1419	EG11468	EG11468_RNA	RHTC-MONOMER
0.75	24	1	1422	EG11471	EG11471_RNA	EG11471-MONOMER
0.75	137	2	1427	EG11479	EG11479_RNA	EG11479-MONOMER
0.5	223	2	1433	EG11488	EG11488_RNA	EG11488-MONOMER
0.5	1296	1	1434	EG11489	EG11489_RNA	EG11489-MONOMER
0.75	166	1	1439	EG11494	EG11494_RNA	EG11494-MONOMER
0.25	29	1	1441	EG11497	EG11497_RNA	EG11497-MONOMER
0.75	181	1	1455	EG11511	EG11511_RNA	EG11511-MONOMER
0.75	829	2	1460	EG11517	EG11517_RNA	EG11517-MONOMER
0.25	13	1	1463	EG11521	EG11521_RNA	EG11521-MONOMER
0.25	161	1	1465	EG11523	EG11523_RNA	EG11523-MONOMER
0.75	214	1	1468	EG11526	EG11526_RNA	EG11526-MONOMER
0.5	153	1	1475	EG11533	EG11533_RNA	EG11533-MONOMER
0.5	71	1	1476	EG11534	EG11534_RNA	EG11534-MONOMER
0.25	24	2	1477	EG11535	EG11535_RNA	EG11535-MONOMER
0.75	116	1	1479	EG11537	EG11537_RNA	EG11537-MONOMER
0.25	16	1	1491	EG11549	EG11549_RNA	EG11549-MONOMER
0.25	35	1	1492	EG11551	EG11551_RNA	EG11551-MONOMER
0.75	10	1	1495	EG11554	EG11554_RNA	EG11554-MONOMER
0.5	773	2	1507	EG11566	EG11566_RNA	YAAU-MONOMER
0.25	15	1	1510	EG11570	EG11570_RNA	EG11570-MONOMER
0.75	83	1	1518	EG11578	EG11578_RNA	EG11578-MONOMER
0.5	136	1	1519	EG11579	EG11579_RNA	EG11579-MONOMER
0.25	155	1	1529	EG11592	EG11592_RNA	EG11592-MONOMER
0.25	151	1	1547	EG11612	EG11612_RNA	PROP-MONOMER
0.75	315	1	1548	EG11613	EG11613_RNA	EG11613-MONOMER
0.75	1971	1	1549	EG11614	EG11614_RNA	BASS-MONOMER
0.5	1574	2	1551	EG11616	EG11616_RNA	SUGE-MONOMER
0.5	152	2	1552	EG11617	EG11617_RNA	BAES-MONOMER
0.5	27	2	1558	EG11623	EG11623_RNA	LSERINEDEAM2-MONOMER
0.5	297	2	1559	EG11624	EG11624_RNA	ARTP-MONOMER
0.5	4986	2	1560	EG11625	EG11625_RNA	ARTI-MONOMER
0.5	56	2	1561	EG11626	EG11626_RNA	ARTQ-MONOMER
0.75	305	2	1563	EG11628	EG11628_RNA	ARTJ-MONOMER
0.75	143	2	1564	EG11629	EG11629_RNA	POTF-MONOMER
0.75	343	2	1565	EG11630	EG11630_RNA	POTG-MONOMER
0.75	314	2	1566	EG11631	EG11631_RNA	POTH-MONOMER
0.75	119	1	1569	EG11635	EG11635_RNA	EG11635-MONOMER
0.25	43	1	1572	EG11639	EG11639_RNA	EG11639-MONOMER
0.5	111	1	1574	EG11643	EG11643_RNA	EG11643-MONOMER
0.75	3224	1	1578	EG11647	EG11647_RNA	CARBOXYL-TRANSFERASE-ALPHA-MONOMER
0.75	143	1	1579	EG11648	EG11648_RNA	MONOMER0-149
0.25	2279	1	1586	EG11656	EG11656_RNA	EG11656-MONOMER
0.75	813	4	1589	EG11659	EG11659_RNA	EG11659-MONOMER
0.75	1007	4	1590	EG11660	EG11660_RNA	EG11660-MONOMER
0.75	340	1	1593	EG11663	EG11663_RNA	EG11663-MONOMER
0.25	93	1	1598	EG11668	EG11668_RNA	ATOC-MONOMER
0.25	30	1	1599	EG11669	EG11669_RNA	ATOD-MONOMER
0.25	26	1	1600	EG11670	EG11670_RNA	ATOA-MONOMER
0.25	167	1	1601	EG11671	EG11671_RNA	EG11671-MONOMER
0.75	1731	2	1608	EG11678	EG11678_RNA	EG11678-MONOMER
0.5	235	1	1612	EG11682	EG11682_RNA	EG11682-MONOMER
0.25	69	1	1614	EG11684	EG11684_RNA	EG11684-MONOMER
0.25	219	1	1615	EG11685	EG11685_RNA	EG11685-MONOMER
0.75	40	1	1617	EG11687	EG11687_RNA	B3659-MONOMER
0.25	5	1	1639	EG11710	EG11710_RNA	GLVC-MONOMER
0.5	111	1	1642	EG11713	EG11713_RNA	EG11713-MONOMER
0.5	26	1	1643	EG11714	EG11714_RNA	EG11714-MONOMER
0.5	25	1	1645	EG11720	EG11720_RNA	YIDY-MONOMER
0.75	190	2	1649	EG11724	EG11724_RNA	EG11724-MONOMER
0.5	100	1	1650	EG11725	EG11725_RNA	EG11725-MONOMER
0.25	62	1	1651	EG11726	EG11726_RNA	EG11726-MONOMER
0.25	38	1	1652	EG11727	EG11727_RNA	EG11727-MONOMER
0.25	58	1	1653	EG11728	EG11728_RNA	EG11728-MONOMER
0.5	16	1	1654	EG11729	EG11729_RNA	EG11729-MONOMER
0.5	77	1	1655	EG11730	EG11730_RNA	EG11730-MONOMER
0.75	203	1	1666	EG11741	EG11741_RNA	EG11741-MONOMER
0.75	15	1	1667	EG11742	EG11742_RNA	YDDA-MONOMER
0.5	3414	1	1671	EG11747	EG11747_RNA	ASPDECARBOX-MONOMER
0.5	21	1	1672	EG11748	EG11748_RNA	EG11748-MONOMER
0.75	54	1	1673	EG11749	EG11749_RNA	EG11749-MONOMER
0.5	42	1	1681	EG11759	EG11759_RNA	EG11759-MONOMER
0.5	159	1	1682	EG11760	EG11760_RNA	EG11760-MONOMER
0.25	96	1	1685	EG11763	EG11763_RNA	EG11763-MONOMER
0.25	101	1	1686	EG11764	EG11764_RNA	EG11764-MONOMER
0.25	70	1	1688	EG11767	EG11767_RNA	YHHJ-MONOMER
0.5	33	1	1689	EG11768	EG11768_RNA	EG11768-MONOMER
0.25	1346	2	1692	EG11774	EG11774_RNA	NUOF-MONOMER
0.75	135	1	1699	EG11784	EG11784_RNA	EG11784-MONOMER
0.5	119	2	1701	EG11786	EG11786_RNA	EG11786-MONOMER
0.5	140	2	1702	EG11787	EG11787_RNA	GDPMANDEHYDRA-MONOMER
0.25	15	1	1703	EG11788	EG11788_RNA	FCL-MONOMER
0.25	80	1	1704	EG11789	EG11789_RNA	GDPMANMANHYDRO-MONOMER
0.25	234	1	1710	EG11795	EG11795_RNA	PD00339
0.25	22036	1	1712	EG11797	EG11797_RNA	TRANSALDOLA-MONOMER
0.5	1415	1	1725	EG11810	EG11810_RNA	GCVP-MONOMER
0.25	20	1	1727	EG11812	EG11812_RNA	EG11812-MONOMER
0.25	239	1	1728	EG11814	EG11814_RNA	TORA-MONOMER
0.5	457	2	1733	EG11820	EG11820_RNA	EG11820-MONOMER
0.5	198	1	1734	EG11821	EG11821_RNA	AMTB-MONOMER
0.5	255	1	1735	EG11822	EG11822_RNA	EG11822-MONOMER
0.5	129	1	1738	EG11825	EG11825_RNA	EG11825-MONOMER
0.5	143	1	1739	EG11826	EG11826_RNA	EG11826-MONOMER
0.75	73	1	1740	EG11827	EG11827_RNA	RIB5PISOMB-MONOMER
0.75	94	1	1741	EG11828	EG11828_RNA	EG11828-MONOMER
0.25	59	1	1744	EG11831	EG11831_RNA	EG11831-MONOMER
0.25	27	1	1749	EG11837	EG11837_RNA	EG11837-MONOMER
0.25	33	1	1750	EG11838	EG11838_RNA	EG11838-MONOMER
0.25	6	1	1751	EG11839	EG11839_RNA	EG11839-MONOMER
0.25	84	1	1755	EG11843	EG11843_RNA	EG11843-MONOMER
0.75	199	1	1759	EG11847	EG11847_RNA	EG11847-MONOMER
0.75	185	2	1760	EG11848	EG11848_RNA	EG11848-MONOMER
0.5	100	1	1766	EG11854	EG11854_RNA	EG11854-MONOMER
0.25	10	1	1776	EG11864	EG11864_RNA	FRVA-MONOMER
0.25	3	1	1780	EG11868	EG11868_RNA	RHAMNULOKIN-MONOMER
0.25	1199	1	1790	EG11879	EG11879_RNA	EG11879-MONOMER
0.75	17	1	1792	EG11881	EG11881_RNA	EG11881-MONOMER
0.5	373	2	1793	EG11882	EG11882_RNA	EG11882-MONOMER
0.5	99	2	1794	EG11883	EG11883_RNA	TEHA-MONOMER
0.5	73	1	1801	EG11890	EG11890_RNA	EG11890-MONOMER
0.5	555	1	1802	EG11891	EG11891_RNA	EG11891-MONOMER
0.25	3446	1	1803	EG11892	EG11892_RNA	EG11892-MONOMER
0.25	40	1	1811	EG11901	EG11901_RNA	EG11901-MONOMER
0.75	322	2	1821	EG11912	EG11912_RNA	EG11912-MONOMER
0.5	155	2	1827	EG11918	EG11918_RNA	EG11918-MONOMER
0.25	183	1	1828	EG11919	EG11919_RNA	EG11919-MONOMER
0.25	510	1	1831	EG11922	EG11922_RNA	EG11922-MONOMER
0.25	81	1	1840	EG11932	EG11932_RNA	EG11932-MONOMER
0.5	249	1	1841	EG11933	EG11933_RNA	EG11933-MONOMER
0.75	255	2	1844	EG11936	EG11936_RNA	EG11936-MONOMER
0.5	278	1	1845	EG11937	EG11937_RNA	EG11937-MONOMER
0.25	85	1	1847	EG11939	EG11939_RNA	EG11939-MONOMER
0.25	107	1	1848	EG11940	EG11940_RNA	YJCE-MONOMER
0.75	11	2	1849	EG11941	EG11941_RNA	EG11941-MONOMER
0.75	627	2	1850	EG11942	EG11942_RNA	YJCG-MONOMER
0.25	148	1	1861	EG11954	EG11954_RNA	EG11954-MONOMER
0.25	82	1	1873	EG11967	EG11967_RNA	EG11967-MONOMER
0.25	24	1	1874	EG11969	EG11969_RNA	EG11969-MONOMER
0.25	12	1	1876	EG11971	EG11971_RNA	NUPC-MONOMER
0.25	28	1	1877	EG11972	EG11972_RNA	EG11972-MONOMER
0.75	348	1	1894	EG11990	EG11990_RNA	EG11990-MONOMER
0.25	31	1	1901	EG12003	EG12003_RNA	EG12003-MONOMER
0.75	70	2	1903	EG12005	EG12005_RNA	EG12005-MONOMER
0.75	39	2	1904	EG12006	EG12006_RNA	EG12006-MONOMER
0.25	435	1	1906	EG12008	EG12008_RNA	EG12008-MONOMER
0.25	47	1	1907	EG12009	EG12009_RNA	YEHW-MONOMER
0.25	55	1	1908	EG12010	EG12010_RNA	YEHX-MONOMER
0.25	52	1	1909	EG12011	EG12011_RNA	YEHY-MONOMER
0.25	221	2	1912	EG12015	EG12015_RNA	EG12015-MONOMER
0.25	17	1	1914	EG12017	EG12017_RNA	EG12017-MONOMER
0.75	46	2	1915	EG12019	EG12019_RNA	EG12019-MONOMER
0.25	79	1	1916	EG12022	EG12022_RNA	EG12022-MONOMER
0.25	91	1	1917	EG12023	EG12023_RNA	EG12023-MONOMER
0.5	110	1	1920	EG12026	EG12026_RNA	EG12026-MONOMER
0.5	6	1	1925	EG12031	EG12031_RNA	EG12031-MONOMER
0.25	3460	1	1927	EG12033	EG12033_RNA	EG12033-MONOMER
0.75	25	1	1940	EG12049	EG12049_RNA	EG12049-MONOMER
0.75	73	1	1941	EG12052	EG12052_RNA	EG12052-MONOMER
0.75	12	1	1942	EG12053	EG12053_RNA	EG12053-MONOMER
0.75	718	1	1943	EG12054	EG12054_RNA	EG12054-MONOMER
0.75	111	1	1944	EG12055	EG12055_RNA	CCME-MONOMER
0.75	46	1	1945	EG12057	EG12057_RNA	CCMC-MONOMER
0.75	46	1	1946	EG12058	EG12058_RNA	CCMB-MONOMER
0.5	728	2	1976	EG12095	EG12095_RNA	SECG
0.75	1500	1	1983	EG12102	EG12102_RNA	FEOB-MONOMER
0.25	44	1	1985	EG12105	EG12105_RNA	EG12105-MONOMER
0.25	41	1	1986	EG12106	EG12106_RNA	EG12106-MONOMER
0.5	78	1	1987	EG12107	EG12107_RNA	EG12107-MONOMER
0.75	275	2	1999	EG12121	EG12121_RNA	EG12121-MONOMER
0.5	1556	1	2003	EG12125	EG12125_RNA	HISQ-MONOMER
0.5	112	1	2010	EG12133	EG12133_RNA	EG12133-MONOMER
0.5	36	2	2012	EG12136	EG12136_RNA	B2077-MONOMER
0.25	141	1	2015	EG12139	EG12139_RNA	EG12139-MONOMER
0.25	246	1	2025	EG12151	EG12151_RNA	DMBPPRIBOSYLTRANS-MONOMER
0.25	42	1	2026	EG12152	EG12152_RNA	GLUCONOKINI-MONOMER
0.25	96	1	2028	EG12154	EG12154_RNA	EG12154-MONOMER
0.5	55	1	2034	EG12165	EG12165_RNA	EG12165-MONOMER
0.75	96	2	2036	EG12167	EG12167_RNA	EG12167-MONOMER
0.75	53	1	2037	EG12168	EG12168_RNA	BRNQ-MONOMER
0.25	21	1	2038	EG12169	EG12169_RNA	EG12169-MONOMER
0.75	24	1	2045	EG12179	EG12179_RNA	EG12179-MONOMER
0.5	210	1	2050	EG12188	EG12188_RNA	EG12188-MONOMER
0.75	147	1	2051	EG12189	EG12189_RNA	COPROGENOXI-MONOMER
0.5	140	2	2052	EG12190	EG12190_RNA	EG12190-MONOMER
0.25	16	1	2056	EG12194	EG12194_RNA	EG12194-MONOMER
0.75	71	1	2059	EG12197	EG12197_RNA	EG12197-MONOMER
0.5	179	1	2060	EG12198	EG12198_RNA	EG12198-MONOMER
0.5	213	2	2061	EG12200	EG12200_RNA	EG12200-MONOMER
0.25	980	1	2073	EG12214	EG12214_RNA	EG12214-MONOMER
0.25	46	1	2075	EG12216	EG12216_RNA	EG12216-MONOMER
0.75	32	1	2076	EG12217	EG12217_RNA	EG12217-MONOMER
0.75	311	1	2083	EG12228	EG12228_RNA	MONOMER0-2489
0.5	6	1	2085	EG12230	EG12230_RNA	PITA-MONOMER
0.25	158	1	2086	EG12231	EG12231_RNA	EG12231-MONOMER
0.25	22	1	2089	EG12234	EG12234_RNA	EG12234-MONOMER
0.25	20	1	2090	EG12235	EG12235_RNA	EG12235-MONOMER
0.25	619	1	2091	EG12236	EG12236_RNA	ARSF-MONOMER
0.25	34	1	2092	EG12237	EG12237_RNA	EG12237-MONOMER
0.25	4	1	2093	EG12240	EG12240_RNA	EG12240-MONOMER
0.25	48	1	2095	EG12242	EG12242_RNA	EG12242-MONOMER
0.5	37	1	2098	EG12245	EG12245_RNA	TREHALACYTO-MONOMER
0.5	20	1	2099	EG12246	EG12246_RNA	EG12246-MONOMER
0.75	231	1	2106	EG12254	EG12254_RNA	EG12254-MONOMER
0.75	64	1	2111	EG12260	EG12260_RNA	EG12260-MONOMER
0.25	414	1	2120	EG12270	EG12270_RNA	EG12270-MONOMER
0.75	7	1	2126	EG12276	EG12276_RNA	XYLH-MONOMER
0.25	66	1	2137	EG12287	EG12287_RNA	EG12287-MONOMER
0.75	64	1	2151	EG12303	EG12303_RNA	EG12303-MONOMER
0.75	90	1	2152	EG12304	EG12304_RNA	SAPD-MONOMER
0.25	715	1	2153	EG12305	EG12305_RNA	SAPF-MONOMER
0.75	898	2	2155	EG12309	EG12309_RNA	EG12309-MONOMER
0.75	34	2	2166	EG12321	EG12321_RNA	YADH-MONOMER
0.5	3393	1	2167	EG12322	EG12322_RNA	AGAX-MONOMER
0.25	23	1	2172	EG12328	EG12328_RNA	EG12328-MONOMER
0.75	73	1	2178	EG12334	EG12334_RNA	EG12334-MONOMER
0.25	38	1	2180	EG12336	EG12336_RNA	EG12336-MONOMER
0.75	582	2	2181	EG12337	EG12337_RNA	EG12337-MONOMER
0.75	577	2	2182	EG12338	EG12338_RNA	EG12338-MONOMER
0.75	86	1	2185	EG12341	EG12341_RNA	EG12341-MONOMER
0.75	141	2	2187	EG12343	EG12343_RNA	YJJK-MONOMER
0.5	56	2	2191	EG12352	EG12352_RNA	EG12352-MONOMER
0.25	11	1	2193	EG12356	EG12356_RNA	EG12356-MONOMER
0.25	6	1	2197	EG12360	EG12360_RNA	EG12360-MONOMER
0.25	3	1	2205	EG12369	EG12369_RNA	YDJE-MONOMER
0.75	38	1	2217	EG12384	EG12384_RNA	EG12384-MONOMER
0.5	2013	1	2222	EG12391	EG12391_RNA	EG12391-MONOMER
0.25	6	1	2223	EG12392	EG12392_RNA	YCHM-MONOMER
0.75	126	2	2225	EG12394	EG12394_RNA	EG12394-MONOMER
0.75	39	1	2226	EG12395	EG12395_RNA	EG12395-MONOMER
0.25	276	1	2227	EG12396	EG12396_RNA	EG12396-MONOMER
0.5	32	1	2234	EG12404	EG12404_RNA	EG12404-MONOMER
0.5	46	1	2235	EG12405	EG12405_RNA	EG12405-MONOMER
0.25	167	1	2237	EG12407	EG12407_RNA	EG12407-MONOMER
0.5	451	1	2252	EG12429	EG12429_RNA	EG12429-MONOMER
0.5	899	2	2259	EG12438	EG12438_RNA	EG12438-MONOMER
0.75	14	2	2263	EG12443	EG12443_RNA	EG12443-MONOMER
0.5	98	1	2264	EG12444	EG12444_RNA	EG12444-MONOMER
0.75	530	2	2265	EG12445	EG12445_RNA	EG12445-MONOMER
0.25	102	1	2266	EG12446	EG12446_RNA	EG12446-MONOMER
0.75	54	2	2270	EG12454	EG12454_RNA	EG12454-MONOMER
0.25	13	1	2274	EG12469	EG12469_RNA	YJDL-MONOMER
0.25	147	1	2275	EG12475	EG12475_RNA	YJEM-MONOMER
0.25	80	1	2276	EG12494	EG12494_RNA	YJFT-MONOMER
0.5	571	2	2278	EG12504	EG12504_RNA	CYCA-MONOMER
0.5	222	2	2279	EG12517	EG12517_RNA	YTFQ-MONOMER
0.5	159	2	2280	EG12518	EG12518_RNA	YTFR-MONOMER
0.25	14	1	2283	EG12525	EG12525_RNA	MGTA-MONOMER
0.25	82	1	2284	EG12539	EG12539_RNA	YJGT-MONOMER
0.25	166	1	2285	EG12544	EG12544_RNA	YJHB-MONOMER
0.5	25	1	2286	EG12548	EG12548_RNA	YJHF-MONOMER
0.5	139	1	2287	EG12554	EG12554_RNA	SGCA-MONOMER
0.5	802	1	2288	EG12556	EG12556_RNA	SGCC-MONOMER
0.75	735	3	2291	EG12576	EG12576_RNA	YJIO-MONOMER
0.5	15	1	2297	EG12608	EG12608_RNA	CAIE-MONOMER
0.5	721	1	2300	EG12611	EG12611_RNA	EG12611-MONOMER
0.25	1099	1	2307	EG12628	EG12628_RNA	DPPF-MONOMER
0.25	20	1	2311	EG12633	EG12633_RNA	EG12633-MONOMER
0.25	26	1	2315	EG12658	EG12658_RNA	EG12658-MONOMER
0.75	648	4	2316	EG12661	EG12661_RNA	GLTJ-MONOMER
0.75	177	2	2323	EG12691	EG12691_RNA	EG12691-MONOMER
0.75	49	2	2324	EG12692	EG12692_RNA	EG12692-MONOMER
0.75	246	2	2330	EG12704	EG12704_RNA	EG12704-MONOMER
0.75	233	2	2333	EG12708	EG12708_RNA	EG12708-MONOMER
0.75	363	1	2336	EG12712	EG12712_RNA	EG12712-MONOMER
0.5	19	1	2342	EG12734	EG12734_RNA	ALTRODEHYDRAT-MONOMER
0.75	202	2	2355	EG12802	EG12802_RNA	YRBG-MONOMER
0.25	104	2	2362	EG12844	EG12844_RNA	EG12844-MONOMER
0.5	11	1	2363	EG12845	EG12845_RNA	EG12845-MONOMER
0.75	563	1	2371	EG12860	EG12860_RNA	EG12860-MONOMER
0.5	320	2	2372	EG12861	EG12861_RNA	EG12861-MONOMER
0.25	40	1	2376	EG12868	EG12868_RNA	EG12868-MONOMER
0.25	23	1	2380	EG12876	EG12876_RNA	EG12876-MONOMER
0.25	185	1	2392	EG13159	EG13159_RNA	XAPB-MONOMER
0.5	8	1	2394	EG13174	EG13174_RNA	B2775-MONOMER
0.5	694	1	2398	EG13238	EG13238_RNA	COBU-MONOMER
0.75	17943	1	2400	EG13283	EG13283_RNA	EMRY-MONOMER
0.5	410	1	2401	EG20044	EG20044_RNA	DCTA-MONOMER
0.5	67	1	2402	EG20049	EG20049_RNA	DEHYDDEOXPHOSGALACT-ALDOL-MONOMER
0.5	81	1	2403	EG20051	EG20051_RNA	DEHYDDEOXGALACTKIN-MONOMER
0.5	11	1	2404	EG20053	EG20053_RNA	YIDT-MONOMER
0.25	886	2	2409	EG20173	EG20173_RNA	PHOSACETYLTRANS-MONOMER
0.5	11	2	2412	EG20252	EG20252_RNA	XYLF-MONOMER
0.75	481	1	2419	EG50005	EG50005_RNA	DIHYDROPTERIREDUCT-MONOMER
0.75	180	1	2420	EG50006	EG50006_RNA	EUTB-MONOMER
0.25	330	1	2421	EG50007	EG50007_RNA	EUTC-MONOMER
0.5	196	1	2422	EG50009	EG50009_RNA	GLUTDECARBOXA-MONOMER
0.5	38	1	2424	EG50011	EG50011_RNA	H2PTEROATESYNTH-MONOMER
0.75	120	1	2426	G0-10261	G0-10261_RNA	MONOMER0-2141
0.75	195	3	2427	G0-10430	G0-10430_RNA	MONOMER0-4228
0.75	184	1	2428	G0-10432	G0-10432_RNA	MONOMER0-2654
0.5	23	1	2429	G0-10434	G0-10434_RNA	MONOMER0-2656
0.75	357	2	2430	G0-10435	G0-10435_RNA	MONOMER0-2657
0.25	13	1	2433	G0-10438	G0-10438_RNA	MONOMER0-2660
0.75	1018	2	2435	G0-10440	G0-10440_RNA	MONOMER0-2662
0.25	192	1	2437	G0-10443	G0-10443_RNA	MONOMER0-2665
0.75	686	3	2440	G0-10449	G0-10449_RNA	MONOMER0-2671
0.5	170	1	2443	G0-10452	G0-10452_RNA	MONOMER0-2674
0.75	422	2	2444	G0-10453	G0-10453_RNA	MONOMER0-2675
0.75	178	2	2449	G0-10459	G0-10459_RNA	MONOMER0-2681
0.75	86	1	2456	G0-10466	G0-10466_RNA	MONOMER0-2688
0.25	165	1	2458	G0-10468	G0-10468_RNA	MONOMER0-2690
0.25	100	1	2461	G0-10471	G0-10471_RNA	MONOMER0-2693
0.75	163	1	2462	G0-10472	G0-10472_RNA	MONOMER0-2694
0.75	228	2	2465	G0-10475	G0-10475_RNA	MONOMER0-2697
0.5	498	1	2468	G0-10513	G0-10513_RNA	MONOMER0-2886
0.25	459	1	2469	G0-10525	G0-10525_RNA	MONOMER0-2748
0.25	186	1	2471	G0-10529	G0-10529_RNA	MONOMER0-4246
0.5	554	2	2472	G0-10530	G0-10530_RNA	MONOMER0-4247
0.75	406	1	2474	G0-10535	G0-10535_RNA	MONOMER0-2755
0.75	163	1	2477	G0-10538	G0-10538_RNA	MONOMER0-4231
0.25	64	1	2478	G0-10539	G0-10539_RNA	MONOMER0-4229
0.75	192	1	2481	G0-10542	G0-10542_RNA	MONOMER0-4255
0.25	156	1	2482	G0-10543	G0-10543_RNA	MONOMER0-4256
0.25	112	1	2483	G0-10544	G0-10544_RNA	MONOMER0-4257
0.5	207	1	2484	G0-10545	G0-10545_RNA	MONOMER0-4258
0.5	199	2	2493	G0-10589	G0-10589_RNA	MONOMER0-2818
0.25	21	1	2497	G0-10594	G0-10594_RNA	MONOMER0-2822
0.25	223	1	2499	G0-10596	G0-10596_RNA	MONOMER0-2824
0.25	86	1	2502	G0-10605	G0-10605_RNA	MONOMER0-2827
0.25	20	1	2507	G0-10617	G0-10617_RNA	MONOMER0-2842
0.25	136	1	2514	G0-10634	G0-10634_RNA	MONOMER0-2860
0.75	9	1	2534	G0-10715	G0-10715_RNA	MONOMER0-4216
0.5	185	1	2565	G0-16736	G0-16736_RNA	MONOMER0-4418
0.75	61	1	2570	G0-16741	G0-16741_RNA	MONOMER0-4424
0.25	1285	1	2633	G0-41	G0-41_RNA	MONOMER0-1562
0.25	2650	1	2640	G0-9041	G0-9041_RNA	MONOMER0-921
0.25	50	1	2646	G0-9562	G0-9562_RNA	MONOMER0-1563
0.5	143	1	2647	G0-9563	G0-9563_RNA	MONOMER0-1564
0.75	1295	1	2659	G198	G198_RNA	HMP-KIN-MONOMER
0.75	64	1	2660	G2000	G2000_RNA	SAPC-MONOMER
0.75	79	1	2661	G2001	G2001_RNA	SAPB-MONOMER
0.5	4551	1	2665	G359	G359_RNA	FLGC-FLAGELLAR-MOTOR-ROD-PROTEIN
0.75	991	1	2679	G379	G379_RNA	G379-MONOMER
0.25	72	1	2682	G58	G58_RNA	MALTACETYLTRAN-MONOMER
0.75	195	3	2683	G592	G592_RNA	DLACTDEHYDROGNAD-MONOMER
0.25	71	1	2684	G6081	G6081_RNA	G6081-MONOMER
0.25	203	1	2688	G6086	G6086_RNA	G6086-MONOMER
0.75	221	1	2692	G6093	G6093_RNA	G6093-MONOMER
0.75	5891	1	2693	G6094	G6094_RNA	LDC2-MONOMER
0.5	281	2	2696	G6097	G6097_RNA	G6097-MONOMER
0.5	1541	1	2702	G6104	G6104_RNA	G6104-MONOMER
0.5	491	2	2709	G6111	G6111_RNA	G6111-MONOMER
0.75	319	3	2714	G6118	G6118_RNA	G6118-MONOMER
0.75	279	3	2715	G6120	G6120_RNA	G6120-MONOMER
0.75	312	3	2716	G6121	G6121_RNA	G6121-MONOMER
0.75	288	3	2717	G6122	G6122_RNA	G6122-MONOMER
0.75	297	3	2718	G6123	G6123_RNA	G6123-MONOMER
0.75	287	3	2719	G6124	G6124_RNA	G6124-MONOMER
0.5	119	1	2720	G6125	G6125_RNA	G6125-MONOMER
0.25	114	1	2721	G6126	G6126_RNA	G6126-MONOMER
0.25	103	1	2722	G6127	G6127_RNA	G6127-MONOMER
0.5	195	1	2723	G6128	G6128_RNA	G6128-MONOMER
0.25	139	1	2725	G6131	G6131_RNA	G6131-MONOMER
0.75	52	1	2727	G6134	G6134_RNA	G7769-MONOMER
0.75	15	1	2728	G6135	G6135_RNA	B0260-MONOMER
0.5	20	1	2731	G6139	G6139_RNA	G6139-MONOMER
0.5	9	1	2732	G6140	G6140_RNA	G6140-MONOMER
0.75	35	1	2735	G6143	G6143_RNA	G6143-MONOMER
0.75	445	1	2738	G6146	G6146_RNA	MONOMER0-4227
0.5	109	1	2739	G6147	G6147_RNA	G6147-MONOMER
0.75	310	1	2743	G6151	G6151_RNA	G6151-MONOMER
0.25	343	1	2744	G6152	G6152_RNA	G6152-MONOMER
0.25	264	1	2750	G6158	G6158_RNA	G6158-MONOMER
0.25	21	1	2751	G6159	G6159_RNA	G6159-MONOMER
0.25	16	1	2752	G6160	G6160_RNA	G6160-MONOMER
0.25	26	1	2753	G6161	G6161_RNA	G6161-MONOMER
0.25	45	1	2754	G6162	G6162_RNA	G6162-MONOMER
0.5	355	1	2755	G6163	G6163_RNA	G6163-MONOMER
0.5	112	1	2757	G6165	G6165_RNA	G6165-MONOMER
0.75	169	1	2758	G6166	G6166_RNA	G6166-MONOMER
0.5	85	1	2759	G6167	G6167_RNA	G6167-MONOMER
0.5	49	1	2760	G6168	G6168_RNA	G6534-MONOMER
0.25	9815	1	2761	G6169	G6169_RNA	G7126-MONOMER
0.25	84	1	2762	G6171	G6171_RNA	G6171-MONOMER
0.25	87	1	2763	G6173	G6173_RNA	G6173-MONOMER
0.25	124	1	2764	G6174	G6174_RNA	G6174-MONOMER
0.25	188	1	2765	G6175	G6175_RNA	G6175-MONOMER
0.25	189	1	2766	G6176	G6176_RNA	G6176-MONOMER
0.25	164	1	2767	G6177	G6177_RNA	G6177-MONOMER
0.25	70	1	2769	G6180	G6180_RNA	G6180-MONOMER
0.5	133	1	2775	G6186	G6186_RNA	G6186-MONOMER
0.5	113	1	2776	G6188	G6188_RNA	G6188-MONOMER
0.75	857	2	2777	G6189	G6189_RNA	G6189-MONOMER
0.25	65	1	2779	G6191	G6191_RNA	G6191-MONOMER
0.5	293	1	2791	G6207	G6207_RNA	G6207-MONOMER
0.5	110	1	2792	G6208	G6208_RNA	G6208-MONOMER
0.25	214	1	2803	G6224	G6224_RNA	MONOMER0-4242
0.75	117	1	2804	G6226	G6226_RNA	G6226-MONOMER
0.75	135	1	2805	G6227	G6227_RNA	G6227-MONOMER
0.75	305	1	2806	G6228	G6228_RNA	G6228-MONOMER
0.75	1303	2	2808	G6230	G6230_RNA	G6230-MONOMER
0.5	374	1	2817	G6242	G6242_RNA	G6242-MONOMER
0.5	97	1	2818	G6243	G6243_RNA	G6243-MONOMER
0.75	30	1	2820	G6245	G6245_RNA	G6245-MONOMER
0.75	239	1	2829	G6256	G6256_RNA	FSR-MONOMER
0.75	413	1	2835	G6263	G6263_RNA	G6263-MONOMER
0.75	339	1	2836	G6264	G6264_RNA	G6264-MONOMER
0.75	213	1	2837	G6265	G6265_RNA	G6265-MONOMER
0.75	74	1	2838	G6266	G6266_RNA	YBBL-MONOMER
0.25	136	1	2841	G6269	G6269_RNA	G6269-MONOMER
0.25	81	1	2843	G6273	G6273_RNA	G6273-MONOMER
0.25	37	1	2844	G6274	G6274_RNA	G6274-MONOMER
0.5	1083	2	2852	G6283	G6283_RNA	GLY3KIN-MONOMER
0.5	156	2	2853	G6284	G6284_RNA	G6284-MONOMER
0.5	185	2	2854	G6285	G6285_RNA	G6285-MONOMER
0.25	359	1	2859	G6290	G6290_RNA	G6290-MONOMER
0.25	359	1	2860	G6291	G6291_RNA	G6291-MONOMER
0.25	10	1	2862	G6293	G6293_RNA	G6293-MONOMER
0.25	525	1	2863	G6296	G6296_RNA	MONOMER0-4243
0.5	20	1	2867	G6302	G6302_RNA	G6302-MONOMER
0.5	28	1	2868	G6303	G6303_RNA	G6303-MONOMER
0.5	21	1	2869	G6304	G6304_RNA	G6304-MONOMER
0.5	22	1	2870	G6305	G6305_RNA	G6305-MONOMER
0.5	107	1	2880	G6315	G6315_RNA	G6315-MONOMER
0.75	294	1	2886	G6322	G6322_RNA	G6322-MONOMER
0.25	157	1	2887	G6323	G6323_RNA	G6323-MONOMER
0.75	399	2	2889	G6325	G6325_RNA	G6325-MONOMER
0.5	314	1	2890	G6326	G6326_RNA	G6326-MONOMER
0.75	135	1	2891	G6327	G6327_RNA	MONOMER0-4232
0.5	132	1	2892	G6329	G6329_RNA	G6329-MONOMER
0.25	51	1	2897	G6334	G6334_RNA	G6334-MONOMER
0.25	4	1	2906	G6344	G6344_RNA	CITC-MONOMER
0.25	162	1	2907	G6345	G6345_RNA	G6345-MONOMER
0.25	620	1	2911	G6350	G6350_RNA	NICONUCADENYLYLTRAN-MONOMER
0.25	49	1	2917	G6356	G6356_RNA	G6356-MONOMER
0.75	1064	2	2918	G6357	G6357_RNA	G6357-MONOMER
0.25	56	1	2927	G6370	G6370_RNA	G6370-MONOMER
0.75	144	1	2928	G6371	G6371_RNA	G6371-MONOMER
0.25	1358	1	2929	G6374	G6374_RNA	G6374-MONOMER
0.5	459	1	2935	G6383	G6383_RNA	G6383-MONOMER
0.75	212	1	2939	G6387	G6387_RNA	G6387-MONOMER
0.5	7	1	2940	G6393	G6393_RNA	B0752-MONOMER
0.25	115	1	2946	G6399	G6399_RNA	G6399-MONOMER
0.5	675	1	2947	G6400	G6400_RNA	B0770-MONOMER
0.5	208	1	2951	G6404	G6404_RNA	G6404-MONOMER
0.5	203	1	2952	G6405	G6405_RNA	G6405-MONOMER
0.5	236	1	2953	G6406	G6406_RNA	G6406-MONOMER
0.75	128	2	2954	G6407	G6407_RNA	G6407-MONOMER
0.5	56	1	2955	G6408	G6408_RNA	G6408-MONOMER
0.5	31	1	2956	G6409	G6409_RNA	YBHR-MONOMER
0.5	55	1	2957	G6410	G6410_RNA	YBHS-MONOMER
0.5	102	1	2958	G6411	G6411_RNA	YBHF-MONOMER
0.25	290	1	2961	G6414	G6414_RNA	G6414-MONOMER
0.25	97	1	2963	G6416	G6416_RNA	G6416-MONOMER
0.5	95	1	2969	G6423	G6423_RNA	G6423-MONOMER
0.25	43	1	2973	G6427	G6427_RNA	G6427-MONOMER
0.75	32	1	2978	G6432	G6432_RNA	YLID-MONOMER
0.75	76	1	2979	G6433	G6433_RNA	G6433-MONOMER
0.75	114	1	2981	G6435	G6435_RNA	G6435-MONOMER
0.25	34	1	2982	G6436	G6436_RNA	G6436-MONOMER
0.5	486	1	2987	G6441	G6441_RNA	G6441-MONOMER
0.5	230	1	2988	G6442	G6442_RNA	G6442-MONOMER
0.5	58	2	2993	G6447	G6447_RNA	G6447-MONOMER
0.5	131	2	2994	G6448	G6448_RNA	G6448-MONOMER
0.75	156	2	2998	G6452	G6452_RNA	G6452-MONOMER
0.75	240	1	3003	G6457	G6457_RNA	G6457-MONOMER
0.5	653	3	3005	G6459	G6459_RNA	G6459-MONOMER
0.5	30	1	3009	G6463	G6463_RNA	G6463-MONOMER
0.25	13	1	3012	G6466	G6466_RNA	YCAM
0.5	224	1	3014	G6468	G6468_RNA	G6468-MONOMER
0.5	343	1	3018	G6472	G6472_RNA	G6472-MONOMER
0.5	13	1	3025	G6479	G6479_RNA	MONOMER0-146
0.25	307	1	3026	G6480	G6480_RNA	G6480-MONOMER
0.25	289	1	3027	G6481	G6481_RNA	G6481-MONOMER
0.25	259	1	3028	G6482	G6482_RNA	G6482-MONOMER
0.25	270	1	3029	G6483	G6483_RNA	G6483-MONOMER
0.25	277	1	3030	G6484	G6484_RNA	G6484-MONOMER
0.5	975	1	3035	G6489	G6489_RNA	UUP-MONOMER
0.5	244	1	3036	G6490	G6490_RNA	G6490-MONOMER
0.75	405	1	3037	G6491	G6491_RNA	G6491-MONOMER
0.75	462	3	3039	G6493	G6493_RNA	G6493-MONOMER
0.75	169	2	3040	G6494	G6494_RNA	G6494-MONOMER
0.75	370	2	3041	G6495	G6495_RNA	G6495-MONOMER
0.5	1009	1	3043	G6497	G6497_RNA	METHGLYSYN-MONOMER
0.75	256	1	3047	G6501	G6501_RNA	G6501-MONOMER
0.5	290	1	3048	G6502	G6502_RNA	G6502-MONOMER
0.5	301	1	3049	G6503	G6503_RNA	G6503-MONOMER
0.5	108	1	3050	G6504	G6504_RNA	G6504-MONOMER
0.5	108	1	3051	G6505	G6505_RNA	G6505-MONOMER
0.5	114	1	3052	G6506	G6506_RNA	G6506-MONOMER
0.75	119	1	3053	G6507	G6507_RNA	G6507-MONOMER
0.75	460	1	3054	G6508	G6508_RNA	G6508-MONOMER
0.25	12088	1	3061	G6515	G6515_RNA	TORT-MONOMER
0.25	19	1	3062	G6517	G6517_RNA	B1006-MONOMER
0.25	45	1	3063	G6518	G6518_RNA	G6518-MONOMER
0.25	58	1	3064	G6519	G6519_RNA	G6519-MONOMER
0.25	58	1	3065	G6520	G6520_RNA	G6520-MONOMER
0.25	59	1	3066	G6521	G6521_RNA	G6521-MONOMER
0.25	65	1	3067	G6522	G6522_RNA	G6522-MONOMER
0.75	225	1	3069	G6527	G6527_RNA	G6527-MONOMER
0.75	216	1	3070	G6528	G6528_RNA	G6528-MONOMER
0.75	220	1	3071	G6529	G6529_RNA	G6529-MONOMER
0.75	205	1	3072	G6530	G6530_RNA	G6530-MONOMER
0.5	53	2	3074	G6532	G6532_RNA	G6532-MONOMER
0.5	25	2	3075	G6533	G6533_RNA	MONOMER0-4443
0.25	62	1	3076	G6534	G6534_RNA	MONOMER0-4244
0.25	6	1	3080	G6541	G6541_RNA	G6541-MONOMER
0.75	321	2	3088	G6549	G6549_RNA	G6549-MONOMER
0.75	82	1	3089	G6550	G6550_RNA	G6550-MONOMER
0.5	73	1	3091	G6552	G6552_RNA	G6552-MONOMER
0.75	44	2	3094	G6556	G6556_RNA	SARCOX-MONOMER
0.5	147	1	3095	G6557	G6557_RNA	G6557-MONOMER
0.75	174	2	3097	G6559	G6559_RNA	B1065-MONOMER
0.75	1360	2	3107	G6569	G6569_RNA	G6569-MONOMER
0.5	119	1	3108	G6570	G6570_RNA	G6570-MONOMER
0.5	1719	2	3115	G6577	G6577_RNA	MONOMER0-4534
0.5	119	2	3116	G6578	G6578_RNA	G6578-MONOMER
0.75	497	2	3117	G6579	G6579_RNA	G6579-MONOMER
0.75	671	2	3118	G6580	G6580_RNA	G6580-MONOMER
0.5	103	2	3119	G6581	G6581_RNA	G6581-MONOMER
0.5	106	2	3120	G6582	G6582_RNA	G6582-MONOMER
0.25	104	1	3121	G6583	G6583_RNA	G6583-MONOMER
0.25	109	1	3122	G6585	G6585_RNA	G6585-MONOMER
0.25	25	1	3126	G6589	G6589_RNA	G6589-MONOMER
0.25	22	1	3127	G6590	G6590_RNA	G6590-MONOMER
0.25	25	1	3128	G6591	G6591_RNA	G6591-MONOMER
0.25	21	1	3129	G6592	G6592_RNA	G6592-MONOMER
0.25	31	1	3130	G6593	G6593_RNA	G6593-MONOMER
0.25	20	1	3131	G6594	G6594_RNA	G6594-MONOMER
0.25	18	1	3132	G6595	G6595_RNA	G6595-MONOMER
0.25	24	1	3133	G6597	G6597_RNA	G6597-MONOMER
0.5	14	1	3134	G6598	G6598_RNA	G6598-MONOMER
0.25	49	1	3135	G6600	G6600_RNA	G6600-MONOMER
0.25	54	1	3138	G6603	G6603_RNA	G6603-MONOMER
0.25	137	1	3139	G6604	G6604_RNA	G6604-MONOMER
0.25	143	1	3140	G6605	G6605_RNA	G6605-MONOMER
0.25	112	1	3142	G6607	G6607_RNA	G6607-MONOMER
0.25	179	1	3155	G6623	G6623_RNA	G6623-MONOMER
0.5	29	1	3159	G6627	G6627_RNA	G6627-MONOMER
0.75	26	2	3161	G6629	G6629_RNA	G6629-MONOMER
0.75	77	2	3169	G6638	G6638_RNA	G6638-MONOMER
0.75	108	1	3171	G6640	G6640_RNA	G6640-MONOMER
0.5	200	1	3173	G6642	G6642_RNA	G6642-MONOMER
0.5	21	1	3174	G6643	G6643_RNA	B1296-MONOMER
0.5	529	1	3175	G6644	G6644_RNA	G6644-MONOMER
0.5	426	1	3176	G6645	G6645_RNA	G6645-MONOMER
0.25	40	1	3188	G6658	G6658_RNA	G6658-MONOMER
0.75	138	1	3202	G6672	G6672_RNA	G6672-MONOMER
0.5	94	1	3203	G6673	G6673_RNA	G6673-MONOMER
0.5	49	1	3216	G6689	G6689_RNA	G6689-MONOMER
0.75	107	1	3217	G6691	G6691_RNA	G6691-MONOMER
0.5	171	1	3221	G6697	G6697_RNA	G6697-MONOMER
0.5	334	1	3224	G6700	G6700_RNA	G6700-MONOMER
0.75	159	2	3226	G6702	G6702_RNA	G6702-MONOMER
0.75	418	2	3227	G6703	G6703_RNA	G6703-MONOMER
0.75	384	2	3228	G6704	G6704_RNA	G6704-MONOMER
0.25	153	1	3229	G6705	G6705_RNA	G6705-MONOMER
0.25	112	1	3240	G6717	G6717_RNA	G6717-MONOMER
0.25	231	2	3242	G6719	G6719_RNA	G6719-MONOMER
0.25	239	2	3243	G6720	G6720_RNA	G6720-MONOMER
0.5	193	2	3246	G6724	G6724_RNA	MONOMER0-4250
0.25	51	1	3247	G6725	G6725_RNA	G6725-MONOMER
0.25	38	1	3248	G6727	G6727_RNA	G6727-MONOMER
0.25	47	1	3249	G6728	G6728_RNA	G6728-MONOMER
0.25	37	1	3250	G6729	G6729_RNA	G6729-MONOMER
0.25	55	1	3256	G6738	G6738_RNA	G6738-MONOMER
0.25	65	1	3259	G6743	G6743_RNA	G6743-MONOMER
0.25	12	1	3260	G6744	G6744_RNA	B1433-MONOMER
0.75	137	1	3264	G6749	G6749_RNA	G6749-MONOMER
0.5	141	1	3274	G6759	G6759_RNA	G6759-MONOMER
0.75	232	2	3275	G6760	G6760_RNA	G6760-MONOMER
0.25	328	1	3278	G6763	G6763_RNA	G6763-MONOMER
0.25	2360	2	3279	G6764	G6764_RNA	ANSP-MONOMER
0.25	149	1	3281	G6766	G6766_RNA	G6766-MONOMER
0.5	145	1	3282	G6769	G6769_RNA	G6769-MONOMER
0.75	196	2	3286	G6774	G6774_RNA	G6774-MONOMER
0.25	147	1	3287	G6775	G6775_RNA	ADHP-MONOMER
0.75	313	2	3294	G6782	G6782_RNA	G6782-MONOMER
0.75	302	2	3295	G6783	G6783_RNA	G6783-MONOMER
0.75	153	1	3296	G6784	G6784_RNA	G6784-MONOMER
0.5	5	1	3297	G6785	G6785_RNA	G6785-MONOMER
0.25	79	1	3299	G6787	G6787_RNA	G6787-MONOMER
0.25	75	1	3304	G6792	G6792_RNA	G6792-MONOMER
0.25	71	1	3305	G6793	G6793_RNA	G6793-MONOMER
0.25	67	1	3306	G6794	G6794_RNA	G6794-MONOMER
0.5	67	1	3307	G6795	G6795_RNA	G6795-MONOMER
0.5	55	1	3308	G6798	G6798_RNA	G6798-MONOMER
0.25	30	1	3309	G6799	G6799_RNA	G6799-MONOMER
0.25	29	1	3310	G6800	G6800_RNA	YDEX-MONOMER
0.25	30	1	3311	G6801	G6801_RNA	YDEY-MONOMER
0.25	28	1	3312	G6802	G6802_RNA	YDEZ-MONOMER
0.25	19	1	3313	G6803	G6803_RNA	YNEA-MONOMER
0.25	21	1	3314	G6804	G6804_RNA	G6804-MONOMER
0.5	104	1	3315	G6805	G6805_RNA	G6805-MONOMER
0.5	90	1	3320	G6810	G6810_RNA	G6810-MONOMER
0.5	154	1	3321	G6811	G6811_RNA	G6811-MONOMER
0.75	201	1	3327	G6817	G6817_RNA	B1543-MONOMER
0.75	34	1	3328	G6818	G6818_RNA	G6818-MONOMER
0.75	155	3	3341	G6831	G6831_RNA	G6831-MONOMER
0.25	124	1	3343	G6833	G6833_RNA	G6833-MONOMER
0.25	128	1	3344	G6834	G6834_RNA	G6834-MONOMER
0.25	85	1	3345	G6835	G6835_RNA	G6835-MONOMER
0.25	99	1	3346	G6838	G6838_RNA	G6838-MONOMER
0.75	102	1	3347	G6839	G6839_RNA	G6839-MONOMER
0.5	99	1	3352	G6844	G6844_RNA	G6844-MONOMER
0.5	91	1	3353	G6845	G6845_RNA	G6845-MONOMER
0.5	78	1	3354	G6846	G6846_RNA	G6846-MONOMER
0.5	12	1	3355	G6847	G6847_RNA	G6847-MONOMER
0.5	124	1	3356	G6848	G6848_RNA	G6848-MONOMER
0.5	158	1	3357	G6849	G6849_RNA	G6849-MONOMER
0.5	39	1	3358	G6850	G6850_RNA	YNFJ-MONOMER
0.75	142	2	3359	G6851	G6851_RNA	G6851-MONOMER
0.5	374	1	3360	G6852	G6852_RNA	PD01896
0.75	265	1	3361	G6853	G6853_RNA	G6853-MONOMER
0.5	9	1	3362	G6854	G6854_RNA	B1596-MONOMER
0.25	85	1	3366	G6858	G6858_RNA	B1600-MONOMER
0.25	39	1	3368	G6860	G6860_RNA	G6860-MONOMER
0.25	1764	1	3369	G6861	G6861_RNA	ARCD-MONOMER
0.75	405	2	3376	G6868	G6868_RNA	G6868-MONOMER
0.75	125	2	3377	G6869	G6869_RNA	G6869-MONOMER
0.75	131	2	3378	G6870	G6870_RNA	G6870-MONOMER
0.75	167	2	3379	G6871	G6871_RNA	G6871-MONOMER
0.75	188	2	3380	G6872	G6872_RNA	G6872-MONOMER
0.75	141	2	3381	G6873	G6873_RNA	G6873-MONOMER
0.75	126	2	3382	G6874	G6874_RNA	G6874-MONOMER
0.75	186	2	3383	G6875	G6875_RNA	G6875-MONOMER
0.25	179	1	3384	G6876	G6876_RNA	G6876-MONOMER
0.5	5978	1	3387	G6879	G6879_RNA	PDXY-MONOMER
0.75	240	2	3390	G6882	G6882_RNA	G6882-MONOMER
0.75	156	2	3391	G6883	G6883_RNA	G6883-MONOMER
0.75	47	2	3392	G6884	G6884_RNA	G6884-MONOMER
0.25	89	1	3396	G6888	G6888_RNA	G6888-MONOMER
0.5	351	1	3397	G6889	G6889_RNA	G6889-MONOMER
0.75	502	1	3400	G6892	G6892_RNA	G6892-MONOMER
0.25	247	1	3403	G6895	G6895_RNA	G6895-MONOMER
0.25	182	1	3404	G6896	G6896_RNA	G6896-MONOMER
0.25	220	1	3405	G6897	G6897_RNA	G6897-MONOMER
0.25	182	1	3406	G6898	G6898_RNA	G6898-MONOMER
0.25	199	1	3407	G6899	G6899_RNA	G6899-MONOMER
0.25	199	1	3408	G6900	G6900_RNA	G6900-MONOMER
0.25	215	1	3409	G6901	G6901_RNA	G6901-MONOMER
0.25	46	1	3425	G6918	G6918_RNA	G6918-MONOMER
0.25	11	1	3426	G6919	G6919_RNA	G6919-MONOMER
0.25	14	1	3427	G6920	G6920_RNA	G6920-MONOMER
0.25	12	1	3428	G6921	G6921_RNA	G6921-MONOMER
0.25	16	1	3429	G6922	G6922_RNA	G6922-MONOMER
0.5	211	1	3439	G6934	G6934_RNA	G6934-MONOMER
0.75	185	1	3440	G6935	G6935_RNA	G6935-MONOMER
0.25	35	1	3444	G6939	G6939_RNA	G6939-MONOMER
0.25	23	1	3445	G6940	G6940_RNA	SUCCGLUDESUCC-MONOMER
0.25	9062	1	3446	G6941	G6941_RNA	SUCCARGDIHYDRO-MONOMER
0.25	27	1	3447	G6942	G6942_RNA	SUCCGLUALDDEHYD-MONOMER
0.25	1874	1	3448	G6943	G6943_RNA	ARGSUCCTRAN-MONOMER
0.25	223	1	3456	G6951	G6951_RNA	YNJD-MONOMER
0.75	143	1	3457	G6952	G6952_RNA	G6952-MONOMER
0.5	323	2	3460	G6955	G6955_RNA	G6955-MONOMER
0.5	429	3	3461	G6956	G6956_RNA	G6956-MONOMER
0.75	208	2	3470	G6966	G6966_RNA	G6966-MONOMER
0.25	112	1	3474	G6970	G6970_RNA	G6970-MONOMER
0.75	236	1	3479	G6975	G6975_RNA	G6975-MONOMER
0.25	586	1	3480	G6976	G6976_RNA	G6976-MONOMER
0.25	42	2	3487	G6983	G6983_RNA	G6983-MONOMER
0.75	242	2	3488	G6984	G6984_RNA	G6984-MONOMER
0.75	231	2	3489	G6985	G6985_RNA	G6985-MONOMER
0.25	21	1	3492	G6988	G6988_RNA	G6988-MONOMER
0.25	27	1	3499	G6995	G6995_RNA	G6995-MONOMER
0.75	141	2	3500	G6996	G6996_RNA	G6996-MONOMER
0.75	84	2	3501	G6997	G6997_RNA	G6997-MONOMER
0.25	2732	1	3507	G7003	G7003_RNA	G7003-MONOMER
0.75	32	1	3509	G7005	G7005_RNA	G7005-MONOMER
0.75	60	1	3510	G7006	G7006_RNA	G7006-MONOMER
0.5	345	2	3513	G7009	G7009_RNA	G7009-MONOMER
0.5	84	1	3514	G7010	G7010_RNA	G7010-MONOMER
0.75	172	2	3529	G7025	G7025_RNA	G7025-MONOMER
0.75	122	1	3532	G7028	G7028_RNA	G7028-MONOMER
0.75	145	1	3533	G7029	G7029_RNA	MONOMER0-4445
0.25	67	1	3534	G7030	G7030_RNA	MONOMER0-4225
0.5	144	1	3541	G7039	G7039_RNA	G7039-MONOMER
0.75	188	1	3544	G7046	G7046_RNA	G7046-MONOMER
0.5	89	1	3545	G7048	G7048_RNA	G7048-MONOMER
0.75	389	2	3546	G7049	G7049_RNA	G7049-MONOMER
0.75	301	2	3548	G7051	G7051_RNA	G7051-MONOMER
0.5	127	1	3551	G7057	G7057_RNA	G7057-MONOMER
0.5	117	1	3552	G7058	G7058_RNA	G7058-MONOMER
0.5	108	1	3553	G7059	G7059_RNA	G7059-MONOMER
0.25	44	1	3554	G7060	G7060_RNA	G7060-MONOMER
0.25	17	1	3555	G7061	G7061_RNA	G7061-MONOMER
0.5	8	1	3557	G7063	G7063_RNA	G7063-MONOMER
0.25	255	1	3560	G7068	G7068_RNA	G7068-MONOMER
0.5	51	1	3561	G7070	G7070_RNA	YEEO-MONOMER
0.5	74	1	3563	G7072	G7072_RNA	G7072-MONOMER
0.5	70	1	3564	G7073	G7073_RNA	G7073-MONOMER
0.75	512	1	3565	G7074	G7074_RNA	G7074-MONOMER
0.75	60	1	3566	G7076	G7076_RNA	MONOMER0-4446
0.75	162	2	3567	G7077	G7077_RNA	MONOMER0-4251
0.25	76	1	3568	G7080	G7080_RNA	G7080-MONOMER
0.25	71	1	3569	G7081	G7081_RNA	G7081-MONOMER
0.25	72	1	3570	G7082	G7082_RNA	G7082-MONOMER
0.25	73	1	3571	G7083	G7083_RNA	G7083-MONOMER
0.25	74	1	3572	G7084	G7084_RNA	G7084-MONOMER
0.25	56	1	3573	G7085	G7085_RNA	G7085-MONOMER
0.25	111	1	3584	G7096	G7096_RNA	G7096-MONOMER
0.25	98	1	3585	G7097	G7097_RNA	G7097-MONOMER
0.25	152	1	3586	G7098	G7098_RNA	G7098-MONOMER
0.25	161	1	3587	G7099	G7099_RNA	G7099-MONOMER
0.25	165	1	3588	G7100	G7100_RNA	G7100-MONOMER
0.25	149	1	3589	G7101	G7101_RNA	G7101-MONOMER
0.25	5	1	3590	G7102	G7102_RNA	G7102-MONOMER
0.25	4	1	3591	G7103	G7103_RNA	G7103-MONOMER
0.25	9	1	3592	G7104	G7104_RNA	G7104-MONOMER
0.25	5	1	3593	G7105	G7105_RNA	G7105-MONOMER
0.25	9	1	3594	G7106	G7106_RNA	G7106-MONOMER
0.75	270	2	3605	G7118	G7118_RNA	G7118-MONOMER
0.25	31	1	3606	G7119	G7119_RNA	G7119-MONOMER
0.75	314	1	3607	G7122	G7122_RNA	G7122-MONOMER
0.25	56	1	3608	G7123	G7123_RNA	G7123-MONOMER
0.25	58	1	3609	G7125	G7125_RNA	MONOMER0-4245
0.75	184	1	3615	G7132	G7132_RNA	G7132-MONOMER
0.5	124	1	3616	G7133	G7133_RNA	G7133-MONOMER
0.5	362	1	3618	G7135	G7135_RNA	HMP-P-KIN-MONOMER
0.5	247	2	3619	G7137	G7137_RNA	G7137-MONOMER
0.25	47	1	3622	G7144	G7144_RNA	G7144-MONOMER
0.75	245	1	3623	G7145	G7145_RNA	G7145-MONOMER
0.25	1910	1	3627	G7150	G7150_RNA	MONOMER0-4238
0.25	57	1	3628	G7152	G7152_RNA	G7152-MONOMER
0.25	112	1	3629	G7153	G7153_RNA	G7153-MONOMER
0.25	118	1	3630	G7156	G7156_RNA	G7156-MONOMER
0.25	105	1	3631	G7158	G7158_RNA	G7158-MONOMER
0.25	80	1	3632	G7159	G7159_RNA	B2246-MONOMER
0.25	149	1	3633	G7160	G7160_RNA	G7160-MONOMER
0.25	77	1	3635	G7162	G7162_RNA	G7162-MONOMER
0.5	19	1	3637	G7164	G7164_RNA	G7164-MONOMER
0.75	137	2	3638	G7165	G7165_RNA	G7165-MONOMER
0.75	180	2	3639	G7166	G7166_RNA	G7166-MONOMER
0.75	124	2	3640	G7167	G7167_RNA	G7167-MONOMER
0.75	174	2	3641	G7168	G7168_RNA	G7168-MONOMER
0.75	135	2	3642	G7169	G7169_RNA	G7169-MONOMER
0.75	184	2	3643	G7170	G7170_RNA	G7170-MONOMER
0.75	368	2	3644	G7171	G7171_RNA	G7171-MONOMER
0.75	683	1	3656	G7184	G7184_RNA	G7184-MONOMER
0.25	10	1	3657	G7185	G7185_RNA	G7185-MONOMER
0.25	73	1	3661	G7189	G7189_RNA	G7189-MONOMER
0.5	83	1	3665	G7193	G7193_RNA	G7193-MONOMER
0.25	136	1	3669	G7197	G7197_RNA	G7197-MONOMER
0.75	4	1	3670	G7198	G7198_RNA	B2322-MONOMER
0.5	18	1	3674	G7202	G7202_RNA	G7202-MONOMER
0.5	56	1	3675	G7203	G7203_RNA	G7203-MONOMER
0.5	71	1	3676	G7204	G7204_RNA	G7204-MONOMER
0.5	58	1	3677	G7205	G7205_RNA	G7205-MONOMER
0.5	82	1	3678	G7206	G7206_RNA	G7206-MONOMER
0.25	2	1	3679	G7207	G7207_RNA	G7207-MONOMER
0.75	26	1	3681	G7211	G7211_RNA	G7211-MONOMER
0.75	76	1	3682	G7212	G7212_RNA	G7212-MONOMER
0.75	633	1	3683	G7213	G7213_RNA	G7213-MONOMER
0.25	12	1	3684	G7214	G7214_RNA	G7214-MONOMER
0.75	582	2	3687	G7217	G7217_RNA	G7217-MONOMER
0.25	84	1	3706	G7238	G7238_RNA	G7238-MONOMER
0.25	40	1	3707	G7239	G7239_RNA	G7239-MONOMER
0.75	189	1	3710	G7242	G7242_RNA	G7242-MONOMER
0.75	229	1	3711	G7243	G7243_RNA	G7243-MONOMER
0.75	412	1	3712	G7244	G7244_RNA	G7244-MONOMER
0.25	62	1	3718	G7250	G7250_RNA	G7250-MONOMER
0.5	244	2	3723	G7256	G7256_RNA	G7256-MONOMER
0.5	1356	2	3726	G7259	G7259_RNA	PDXK-MONOMER
0.5	113	2	3727	G7260	G7260_RNA	G7260-MONOMER
0.5	599	2	3729	G7262	G7262_RNA	G7262-MONOMER
0.5	133	2	3730	G7263	G7263_RNA	G7263-MONOMER
0.5	316	1	3731	G7264	G7264_RNA	MONOMER0-5
0.75	51	1	3736	G7269	G7269_RNA	G7269-MONOMER
0.75	256	1	3737	G7270	G7270_RNA	G7270-MONOMER
0.25	146	1	3739	G7272	G7272_RNA	G7272-MONOMER
0.25	54	1	3742	G7275	G7275_RNA	G7275-MONOMER
0.25	53	1	3743	G7276	G7276_RNA	G7276-MONOMER
0.75	1151	2	3746	G7279	G7279_RNA	G7279-MONOMER
0.25	309	1	3760	G7293	G7293_RNA	MALIC-NADP-MONOMER
0.25	140	1	3764	G7298	G7298_RNA	G7298-MONOMER
0.25	76	1	3765	G7300	G7300_RNA	MONOMER0-154
0.25	156	1	3766	G7301	G7301_RNA	MONOMER0-141
0.25	150	1	3767	G7302	G7302_RNA	MONOMER0-142
0.25	155	1	3768	G7303	G7303_RNA	MONOMER0-143
0.25	895	1	3769	G7304	G7304_RNA	MONOMER0-150
0.25	74	1	3770	G7305	G7305_RNA	MONOMER0-144
0.25	233	1	3771	G7306	G7306_RNA	MONOMER0-151
0.25	132	1	3772	G7307	G7307_RNA	G7307-MONOMER
0.25	84	1	3773	G7308	G7308_RNA	G7308-MONOMER
0.75	296	2	3775	G7310	G7310_RNA	G7310-MONOMER
0.25	18	1	3778	G7313	G7313_RNA	G7313-MONOMER
0.75	557	2	3782	G7317	G7317_RNA	G7317-MONOMER
0.5	13	1	3786	G7321	G7321_RNA	G7321-MONOMER
0.5	20	1	3787	G7322	G7322_RNA	G7322-MONOMER
0.75	3667	1	3795	G7330	G7330_RNA	HCAT-MONOMER
0.75	206	1	3800	G7337	G7337_RNA	G7337-MONOMER
0.75	7	1	3801	G7338	G7338_RNA	G7338-MONOMER
0.5	53	1	3806	G7343	G7343_RNA	G7343-MONOMER
0.75	48	1	3807	G7344	G7344_RNA	G7344-MONOMER
0.75	356	2	3808	G7345	G7345_RNA	G7345-MONOMER
0.75	172	1	3811	G7348	G7348_RNA	G7348-MONOMER
0.75	24	1	3812	G7349	G7349_RNA	G7349-MONOMER
0.5	184	1	3818	G7358	G7358_RNA	G7358-MONOMER
0.25	63	1	3819	G7359	G7359_RNA	G7359-MONOMER
0.75	26	1	3820	G7360	G7360_RNA	G7360-MONOMER
0.75	116	1	3821	G7361	G7361_RNA	G7361-MONOMER
0.75	78	1	3822	G7362	G7362_RNA	G7362-MONOMER
0.25	30	1	3823	G7363	G7363_RNA	G7363-MONOMER
0.25	22	1	3826	G7366	G7366_RNA	G7366-MONOMER
0.25	19	1	3827	G7367	G7367_RNA	G7367-MONOMER
0.5	300	1	3832	G7372	G7372_RNA	G7372-MONOMER
0.5	147	1	3833	G7373	G7373_RNA	G7373-MONOMER
0.25	49	1	3846	G7398	G7398_RNA	G7398-MONOMER
0.5	408	2	3854	G7408	G7408_RNA	G7408-MONOMER
0.25	57	1	3857	G7413	G7413_RNA	G7413-MONOMER
0.5	223	1	3859	G7415	G7415_RNA	G7415-MONOMER
0.25	86	2	3868	G7424	G7424_RNA	G7424-MONOMER
0.25	35	2	3869	G7425	G7425_RNA	G7425-MONOMER
0.25	91	2	3870	G7426	G7426_RNA	G7426-MONOMER
0.25	108	2	3871	G7427	G7427_RNA	G7427-MONOMER
0.25	103	2	3872	G7428	G7428_RNA	G7428-MONOMER
0.25	130	2	3873	G7429	G7429_RNA	G7429-MONOMER
0.25	0	1	3875	G7431	G7431_RNA	G7431-MONOMER
0.25	9	1	3876	G7432	G7432_RNA	G7432-MONOMER
0.25	15	1	3877	G7433	G7433_RNA	G7433-MONOMER
0.75	270	1	3884	G7442	G7442_RNA	G7442-MONOMER
0.75	133	3	3898	G7456	G7456_RNA	G7456-MONOMER
0.5	122	1	3906	G7464	G7464_RNA	G7464-MONOMER
0.25	140	1	3907	G7465	G7465_RNA	B2845-MONOMER
0.25	37	1	3914	G7473	G7473_RNA	G7473-MONOMER
0.25	90	1	3915	G7480	G7480_RNA	MONOMER0-4448
0.5	111	1	3916	G7481	G7481_RNA	MONOMER0-4252
0.25	51	1	3921	G7487	G7487_RNA	G7487-MONOMER
0.25	39	1	3923	G7489	G7489_RNA	G7489-MONOMER
0.5	45	1	3924	G7490	G7490_RNA	G7490-MONOMER
0.25	14	1	3925	G7491	G7491_RNA	G7491-MONOMER
0.25	239	1	3930	G7496	G7496_RNA	G7496-MONOMER
0.25	233	1	3931	G7497	G7497_RNA	G7497-MONOMER
0.25	167	1	3932	G7498	G7498_RNA	G7498-MONOMER
0.25	35	1	3933	G7499	G7499_RNA	G7499-MONOMER
0.25	44	1	3934	G7500	G7500_RNA	G7500-MONOMER
0.25	5	1	3935	G7501	G7501_RNA	YGFO-MONOMER
0.25	55	1	3936	G7502	G7502_RNA	G7502-MONOMER
0.25	147	1	3946	G7513	G7513_RNA	G7513-MONOMER
0.75	28	1	3947	G7514	G7514_RNA	G7514-MONOMER
0.75	19	1	3948	G7516	G7516_RNA	G7516-MONOMER
0.25	184	1	3949	G7517	G7517_RNA	G7517-MONOMER
0.5	368	2	3965	G7534	G7534_RNA	G7534-MONOMER
0.5	364	2	3966	G7535	G7535_RNA	G7535-MONOMER
0.25	255	1	3968	G7537	G7537_RNA	G7537-MONOMER
0.25	9	1	3969	G7538	G7538_RNA	G7538-MONOMER
0.25	23	1	3970	G7539	G7539_RNA	G7539-MONOMER
0.5	86	1	3971	G7541	G7541_RNA	G7541-MONOMER
0.25	6	1	3972	G7542	G7542_RNA	B2975-MONOMER
0.25	89	1	3973	G7543	G7543_RNA	G7543-MONOMER
0.25	101	1	3974	G7544	G7544_RNA	G7544-MONOMER
0.5	134	1	3976	G7546	G7546_RNA	G7546-MONOMER
0.25	10	1	3984	G7554	G7554_RNA	MONOMER0-145
0.5	250	1	3987	G7559	G7559_RNA	G7559-MONOMER
0.25	114	2	3993	G7568	G7568_RNA	G7568-MONOMER
0.25	35	1	3996	G7572	G7572_RNA	G7572-MONOMER
0.5	236	1	3997	G7573	G7573_RNA	G7573-MONOMER
0.25	86	1	4004	G7582	G7582_RNA	G7582-MONOMER
0.25	188	1	4005	G7583	G7583_RNA	MONOMER0-4253
0.25	86	1	4006	G7584	G7584_RNA	MONOMER0-4449
0.25	90	1	4007	G7586	G7586_RNA	G7586-MONOMER
0.5	72	1	4008	G7587	G7587_RNA	G7587-MONOMER
0.5	57	1	4009	G7588	G7588_RNA	G7588-MONOMER
0.5	137	1	4015	G7596	G7596_RNA	G7596-MONOMER
0.5	217	1	4018	G7599	G7599_RNA	G7599-MONOMER
0.5	178	1	4019	G7601	G7601_RNA	G7601-MONOMER
0.5	102	1	4020	G7602	G7602_RNA	G7602-MONOMER
0.25	45	1	4022	G7604	G7604_RNA	G7604-MONOMER
0.75	36	1	4024	G7606	G7606_RNA	G7606-MONOMER
0.25	39	1	4025	G7607	G7607_RNA	G7607-MONOMER
0.75	247	1	4032	G7614	G7614_RNA	G7614-MONOMER
0.25	259	1	4035	G7617	G7617_RNA	G7617-MONOMER
0.25	97	1	4040	G7622	G7622_RNA	G7622-MONOMER
0.25	330	1	4041	G7624	G7624_RNA	LSERINEDEAM3-MONOMER
0.25	274	1	4042	G7626	G7626_RNA	G7626-MONOMER
0.25	93	1	4050	G7636	G7636_RNA	G7636-MONOMER
0.5	312	2	4058	G7644	G7644_RNA	G7644-MONOMER
0.25	43	1	4059	G7645	G7645_RNA	G7645-MONOMER
0.25	164	1	4061	G7647	G7647_RNA	G7647-MONOMER
0.25	130	1	4062	G7648	G7648_RNA	G7648-MONOMER
0.75	724	1	4067	G7653	G7653_RNA	G7653-MONOMER
0.5	224	1	4068	G7654	G7654_RNA	G7654-MONOMER
0.75	63	3	4078	G7667	G7667_RNA	G7667-MONOMER
0.75	1628	2	4082	G7672	G7672_RNA	MONOMER0-4240
0.25	45	1	4083	G7673	G7673_RNA	G7673-MONOMER
0.75	198	1	4084	G7674	G7674_RNA	G7674-MONOMER
0.75	361	1	4085	G7675	G7675_RNA	G7675-MONOMER
0.75	223	1	4086	G7676	G7676_RNA	NANK-MONOMER
0.75	1005	1	4092	G7682	G7682_RNA	G7682-MONOMER
0.5	228	1	4093	G7683	G7683_RNA	G7683-MONOMER
0.75	69	1	4094	G7684	G7684_RNA	G7684-MONOMER
0.75	352	1	4095	G7685	G7685_RNA	G7685-MONOMER
0.75	413	1	4096	G7686	G7686_RNA	G7686-MONOMER
0.5	327	2	4097	G7687	G7687_RNA	G7687-MONOMER
0.25	54	1	4102	G7694	G7694_RNA	G7694-MONOMER
0.75	53	1	4138	G7733	G7733_RNA	G7733-MONOMER
0.75	42	1	4139	G7734	G7734_RNA	G7734-MONOMER
0.25	18	1	4140	G7735	G7735_RNA	G7735-MONOMER
0.25	17	1	4141	G7736	G7736_RNA	G7736-MONOMER
0.25	15	1	4142	G7737	G7737_RNA	G7737-MONOMER
0.25	20	1	4143	G7738	G7738_RNA	G7738-MONOMER
0.75	231	2	4146	G7741	G7741_RNA	G7741-MONOMER
0.25	28	1	4153	G7748	G7748_RNA	G7748-MONOMER
0.25	79	1	4154	G7750	G7750_RNA	G7750-MONOMER
0.75	104	1	4156	G7752	G7752_RNA	G7752-MONOMER
0.5	358	2	4157	G7753	G7753_RNA	G7753-MONOMER
0.75	327	1	4159	G7757	G7757_RNA	G7757-MONOMER
0.25	56	1	4160	G7758	G7758_RNA	G7758-MONOMER
0.25	460	1	4161	G7759	G7759_RNA	G7759-MONOMER
0.25	35	1	4162	G7761	G7761_RNA	MONOMER0-4226
0.25	212	1	4163	G7762	G7762_RNA	MONOMER0-4450
0.25	50	1	4166	G7769	G7769_RNA	MONOMER0-4241
0.5	184	1	4168	G7777	G7777_RNA	G7777-MONOMER
0.5	294	2	4178	G7823	G7823_RNA	G7823-MONOMER
0.75	161	2	4179	G7825	G7825_RNA	G7825-MONOMER
0.75	36	1	4180	G7826	G7826_RNA	DCUR-MONOMER
0.75	1092	1	4181	G7827	G7827_RNA	DCUS-MONOMER
0.75	106	1	4182	G7828	G7828_RNA	G7828-MONOMER
0.25	88	1	4183	G7829	G7829_RNA	G7829-MONOMER
0.75	87	2	4184	G7830	G7830_RNA	G7830-MONOMER
0.25	3702	1	4185	G7832	G7832_RNA	G7832-MONOMER
0.25	47	1	4190	G7837	G7837_RNA	G7837-MONOMER
0.25	58	1	4191	G7838	G7838_RNA	G7838-MONOMER
0.5	187	2	4195	G7842	G7842_RNA	G7842-MONOMER
0.25	123	1	4196	G7843	G7843_RNA	G7843-MONOMER
0.25	59	1	4204	G7851	G7851_RNA	G7851-MONOMER
0.75	119	1	4205	G7852	G7852_RNA	G7852-MONOMER
0.5	181	1	4206	G7853	G7853_RNA	G7853-MONOMER
0.25	71	1	4208	G7855	G7855_RNA	G7855-MONOMER
0.25	118	1	4209	G7856	G7856_RNA	SGAT-MONOMER
0.25	55	1	4210	G7858	G7858_RNA	G7858-MONOMER
0.25	61	1	4211	G7859	G7859_RNA	G7859-MONOMER
0.25	43	1	4212	G7860	G7860_RNA	G7860-MONOMER
0.5	120	1	4213	G7861	G7861_RNA	G7861-MONOMER
0.5	9	1	4217	G7866	G7866_RNA	G7866-MONOMER
0.5	222	1	4218	G7867	G7867_RNA	G7867-MONOMER
0.25	120	1	4221	G7870	G7870_RNA	G7870-MONOMER
0.75	84	2	4223	G7872	G7872_RNA	G7872-MONOMER
0.5	174	1	4232	G7883	G7883_RNA	G7883-MONOMER
0.75	83	1	4238	G7889	G7889_RNA	G7889-MONOMER
0.25	5	1	4240	G7891	G7891_RNA	G7891-MONOMER
0.25	1603	1	4241	G7892	G7892_RNA	GLUCONREDUCT-MONOMER
0.5	1643	1	4242	G7893	G7893_RNA	IDONDEHYD-MONOMER
0.5	34	1	4243	G7894	G7894_RNA	MONOMER0-4254
0.5	350	2	4245	G7899	G7899_RNA	G7899-MONOMER
0.75	291	1	4246	G7900	G7900_RNA	G7900-MONOMER
0.5	437	1	4247	G7901	G7901_RNA	G7901-MONOMER
0.25	16	1	4250	G7909	G7909_RNA	G7909-MONOMER
0.25	31	1	4251	G7910	G7910_RNA	G7910-MONOMER
0.25	33	1	4252	G7911	G7911_RNA	G7911-MONOMER
0.5	113	1	4253	G7912	G7912_RNA	G7912-MONOMER
0.5	114	1	4254	G7913	G7913_RNA	G7913-MONOMER
0.5	162	1	4255	G7914	G7914_RNA	G7914-MONOMER
0.75	152	1	4257	G7916	G7916_RNA	G7916-MONOMER
0.5	17	1	4263	G7923	G7923_RNA	G7923-MONOMER
0.5	120	1	4264	G7924	G7924_RNA	G7924-MONOMER
0.5	4	1	4265	G7925	G7925_RNA	G7925-MONOMER
0.5	73	1	4266	G7926	G7926_RNA	G7926-MONOMER
0.5	166	1	4267	G7927	G7927_RNA	G7927-MONOMER
0.75	32	1	4273	G7933	G7933_RNA	G7933-MONOMER
0.5	416	2	4275	G7937	G7937_RNA	G7937-MONOMER
0.25	222	1	4279	G7942	G7942_RNA	G7942-MONOMER
0.25	23	1	4280	G7944	G7944_RNA	G7944-MONOMER
0.25	52	1	4281	G7945	G7945_RNA	G7945-MONOMER
0.75	32	1	4286	G7950	G7950_RNA	G7950-MONOMER
0.75	18	1	4287	G7951	G7951_RNA	G7951-MONOMER
0.75	9	1	4290	G7954	G7954_RNA	G7954-MONOMER
0.75	31	1	4291	G7961	G7961_RNA	PHENDEHYD-MONOMER
0.5	254	1	4295	G8202	G8202_RNA	G8202-MONOMER
0.5	19	1	4297	G85	G85_RNA	XANTHOSINEPHOSPHORY-MONOMER
0.25	38	1	4307	M015	M015_RNA	HCAA2-MONOMER
0.25	169	1	4308	RUVA	RUVA_RNA	EG10923-MONOMER
